,File,CAGR,StDev,DrawDown,Sharpe,MaR,SM
0,Mom_1 T_1 SMA_25,12.759084843368518,14.41640548590803,-0.22389267894542264,0.8850392600180721,0.5698750358192259,0.50436178000422
1,Mom_1 T_1 SMA_50,11.864251070264253,14.774367612309439,-0.23222720257750007,0.8030293669137766,0.5108898069899823,0.410259518269867
2,Mom_1 T_1 SMA_75,16.951379279314583,14.98382332341309,-0.19989187056155122,1.1313120098544591,0.848027447624233,0.9593836361835181
3,Mom_1 T_1 SMA_100,16.61919755337491,15.052808240605131,-0.17527731141924918,1.1040596071997002,0.9481659331037507,1.0468317076626643
4,Mom_1 T_1 SMA_125,16.789246184939934,15.088135673121279,-0.19989187056155122,1.1127449108804803,0.8399164076945363,0.9346127082271101
5,Mom_1 T_1 SMA_150,15.4156518498618,15.222690491944125,-0.22953142639147484,1.0126759036465853,0.671613996053412,0.6801273103550832
6,Mom_1 T_1 SMA_175,16.41377086347213,15.19313226262814,-0.19451943525664672,1.080341471379572,0.8438113570408011,0.9116044030322525
7,Mom_1 T_1 SMA_200,15.362220155650919,15.089592890276577,-0.20137865734664784,1.0180672379537832,0.7628524471293302,0.7766350838152416
8,Mom_1 T_1 SMA_250,15.048151397657538,15.142897121334435,-0.23061242820612093,0.9937432234454388,0.6525299401560236,0.6484472061253062
9,Mom_1 T_1 SMA_300,15.283718622398567,15.209517016149103,-0.18220675538855113,1.0048786300163692,0.8388118535894259,0.8429041062764335
10,Mom_1 T_2 SMA_25,11.722561280357912,12.185200898756127,-0.19195226577230284,0.9620326638647836,0.6107018968071688,0.5875151726126768
11,Mom_1 T_2 SMA_50,11.839399489847736,12.397237067558104,-0.21056888003170338,0.9550030724853884,0.5622577984014158,0.5369579250022222
12,Mom_1 T_2 SMA_75,13.65916967712848,12.49994750643391,-0.19697893292795055,1.092738163108117,0.6934330222067264,0.7577407269246883
13,Mom_1 T_2 SMA_100,14.047899818928622,12.51756556159322,-0.17314391898552406,1.122254942449099,0.81134237351432,0.9105329886948287
14,Mom_1 T_2 SMA_125,14.03101635261601,12.61602095443978,-0.18100067012812948,1.1121586119178306,0.7751914035833968,0.8621357953799453
15,Mom_1 T_2 SMA_150,13.501336172571389,12.663069767151669,-0.17881770304776323,1.0661977246302634,0.7550335309343004,0.8050150327017046
16,Mom_1 T_2 SMA_175,13.94693083380092,12.625541058070727,-0.15814582427949597,1.1046600513714626,0.8819031989837481,0.9742032330940444
17,Mom_1 T_2 SMA_200,13.459012079048872,12.724484218693684,-0.18666567468020145,1.0577255508145536,0.7210223359011807,0.7626437473906724
18,Mom_1 T_2 SMA_250,13.043146372349268,12.98876650691939,-0.22682919249456046,1.004186684347656,0.5750206236202182,0.5774280534647083
19,Mom_1 T_2 SMA_300,13.070459881906604,13.072314224441529,-0.2018040620385,0.9998581473407778,0.647680713156955,0.6475888379254667
20,Mom_1 T_3 SMA_25,10.75262858507151,11.362393619623017,-0.19438794017311378,0.9463348080550181,0.5531530698610042,0.5234680041919575
21,Mom_1 T_3 SMA_50,11.127778809594012,11.538820781704773,-0.18745943588227432,0.9643774715036321,0.5936099592544557,0.5724640715651861
22,Mom_1 T_3 SMA_75,12.639802719468873,11.544584373550238,-0.16877796965066294,1.094868581707271,0.7489012188990523,0.8199484153748519
23,Mom_1 T_3 SMA_100,12.635559231059524,11.607858495865996,-0.15461791210712061,1.088534912409514,0.8172118649684974,0.8895636458534989
24,Mom_1 T_3 SMA_125,12.606815790527403,11.626095257648712,-0.15854505611494119,1.0843551090150825,0.7951566639446503,0.8622321910157706
25,Mom_1 T_3 SMA_150,12.374485804717938,11.611839705205707,-0.1453808850697621,1.0656783178956846,0.8511769479722144,0.9070808181466121
26,Mom_1 T_3 SMA_175,12.54453758060501,11.548257726981207,-0.14579679405302803,1.0862710096343025,0.8604124433656896,0.9346410935567647
27,Mom_1 T_3 SMA_200,12.02430671675856,11.567915294483441,-0.1509324616201202,1.0394532126711513,0.7966680320249708,0.8280991453207596
28,Mom_1 T_3 SMA_250,12.320275455550433,11.67315511524696,-0.20005706799464573,1.0554366265088204,0.6158380495649456,0.649978033508598
29,Mom_1 T_3 SMA_300,12.398540378400869,11.845322825005766,-0.17359620412662524,1.0467034593795321,0.7142172515106999,0.747573667904791
30,Mom_1 T_4 SMA_25,9.918753323602548,10.777472102548339,-0.16199608943693367,0.9203228019729462,0.6122835037609964,0.5634984697831331
31,Mom_1 T_4 SMA_50,10.320239026581124,10.936379638822341,-0.18048548441404866,0.9436613730878526,0.5718043786228061,0.5395897050688435
32,Mom_1 T_4 SMA_75,11.47794703869176,10.938298565483386,-0.1505549884228683,1.0493356868966144,0.7623757378568756,0.7999880685573578
33,Mom_1 T_4 SMA_100,11.38086497489683,10.952418128891816,-0.1371866421922454,1.0391189270682424,0.8295898779232709,0.8620425438543035
34,Mom_1 T_4 SMA_125,11.385854327538048,10.978573930060154,-0.13450249289877436,1.0370977505887837,0.8465162304543279,0.8779200784410799
35,Mom_1 T_4 SMA_150,11.118620355460829,10.951295689965376,-0.1457469988596759,1.015278983440176,0.7628713072964028,0.77452720536757
36,Mom_1 T_4 SMA_175,11.037153432887802,10.871549867628522,-0.14574699885967557,1.0152327466898152,0.757281694940032,0.7688171751718874
37,Mom_1 T_4 SMA_200,10.795771341333648,10.875836383125684,-0.15835236076638703,0.9926382634887502,0.6817562611055958,0.6767373511464416
38,Mom_1 T_4 SMA_250,11.194762107577061,10.974955048800561,-0.1651362459688881,1.020028060051191,0.6779106574631816,0.6914878928201966
39,Mom_1 T_4 SMA_300,11.214296895550646,11.133955494347887,-0.17359620412662558,1.0072158902775876,0.6459989693882158,0.6506604270707558
40,Mom_2 T_1 SMA_25,9.528248491538838,13.79760071082488,-0.2899400710004284,0.6905728532978541,0.3286282043962374,0.22694171678406008
41,Mom_2 T_1 SMA_50,9.422485156268312,14.142550056325348,-0.2473042746927866,0.6662507906100035,0.38100777546095316,0.25384673162941873
42,Mom_2 T_1 SMA_75,12.42957339180335,14.418959187206706,-0.24151083372142912,0.8620298615472572,0.5146590403534548,0.4436514612999329
43,Mom_2 T_1 SMA_100,11.870808712054725,14.597285749590457,-0.2342048002654853,0.81322027366545,0.5068559098104927,0.4121855016850395
44,Mom_2 T_1 SMA_125,11.743419984225989,14.789382139892457,-0.22426302673312026,0.7940439886633008,0.523644942962489,0.4157971191533014
45,Mom_2 T_1 SMA_150,11.040212577097396,14.862260484707148,-0.23565774981171195,0.7428353572767391,0.4684850205825359,0.3480072376432285
46,Mom_2 T_1 SMA_175,13.001403567547554,14.979003899460144,-0.21051320754066682,0.8679751774426159,0.6176051241362587,0.5360659172116379
47,Mom_2 T_1 SMA_200,11.562645370806845,14.896571856158072,-0.23160253306882006,0.7761950522882873,0.49924520330574435,0.3875116566845789
48,Mom_2 T_1 SMA_250,12.477521094637712,14.98677733994351,-0.29294482517700726,0.8325686577982311,0.4259341699276773,0.35461944016708996
49,Mom_2 T_1 SMA_300,11.972259359998816,14.970084037762025,-0.31476641859419807,0.7997456346803934,0.3803537687873129,0.30418626622188916
50,Mom_2 T_2 SMA_25,9.742792711006775,11.87926579944748,-0.189134551675874,0.8201510830290475,0.5151249533561332,0.4224802883903202
51,Mom_2 T_2 SMA_50,9.117943930252025,12.200037675790618,-0.21102884413685008,0.7473701452861408,0.43207097909038117,0.32291695041670326
52,Mom_2 T_2 SMA_75,12.785707569290917,12.421237795568006,-0.1842101617662355,1.029342468095487,0.694082641625173,0.7144487393926909
53,Mom_2 T_2 SMA_100,12.364623614548243,12.586599841419064,-0.17361665732707665,0.9823640832577868,0.712179568764218,0.6996196291839869
54,Mom_2 T_2 SMA_125,12.384627077415079,12.756703037011826,-0.16827734784354398,0.9708329057659162,0.7359651929462127,0.7144992268105448
55,Mom_2 T_2 SMA_150,12.175450822547894,12.815363367648628,-0.17534063208351103,0.9500667654327974,0.6943884413938342,0.6597153804689616
56,Mom_2 T_2 SMA_175,12.992453795299364,12.845458348865096,-0.16452064075578532,1.011443378853605,0.7897157302338361,0.7987527465215533
57,Mom_2 T_2 SMA_200,12.083933260084812,12.96375602604661,-0.18666567468020123,0.9321321101543357,0.6473570076977039,0.6034222536084572
58,Mom_2 T_2 SMA_250,12.611885865514584,13.065588789422023,-0.22388255280133706,0.9652749729675589,0.5633259808639838,0.5437644709504056
59,Mom_2 T_2 SMA_300,12.502188273645508,13.246793712187058,-0.2153800136670626,0.9437897611512956,0.5804711431104078,0.5478427215113914
60,Mom_2 T_3 SMA_25,10.005760282868724,11.010352474306163,-0.16283350809418795,0.9087593068630853,0.6144779658668953,0.5584125703438383
61,Mom_2 T_3 SMA_50,9.835311123854297,11.214276772793124,-0.1848126688722429,0.877034812241809,0.5321773222512813,0.46673803790000123
62,Mom_2 T_3 SMA_75,12.219999383387048,11.408917822840959,-0.15992986629665185,1.071091892600215,0.7640848871042216,0.8184051278356824
63,Mom_2 T_3 SMA_100,11.83211020584376,11.520078990876458,-0.14678166605361243,1.027085857242335,0.8061027323073201,0.8279367158372523
64,Mom_2 T_3 SMA_125,11.935947832198535,11.653367222425533,-0.1424797328371028,1.0242488376431842,0.8377295208606906,0.858043488000944
65,Mom_2 T_3 SMA_150,12.245237428962575,11.726474396425331,-0.1516956829351136,1.0442386189574064,0.8072238571351013,0.8429343257642289
66,Mom_2 T_3 SMA_175,12.884217898908211,11.761575010799273,-0.14448235538329657,1.0954500470454125,0.8917502669947296,0.9768678719321356
67,Mom_2 T_3 SMA_200,12.394253543050437,11.856171784101408,-0.14779951834619443,1.0453841061640632,0.8385855164980358,0.8766439706064284
68,Mom_2 T_3 SMA_250,12.95033544442925,11.929884133580341,-0.18443915120403398,1.085537403332907,0.702146770893728,0.7622065824345631
69,Mom_2 T_3 SMA_300,13.12793420688363,12.090735803035884,-0.17359620412662569,1.0857845561051227,0.756233943762259,0.8211071369395307
70,Mom_2 T_4 SMA_25,9.508891893363923,10.630159269739256,-0.16649235105027316,0.8945201715305217,0.5711308557648194,0.5108880710651198
71,Mom_2 T_4 SMA_50,9.785411396784461,10.721718894105674,-0.15289700856143873,0.9126718853041416,0.6400001863249261,0.5841101766481721
72,Mom_2 T_4 SMA_75,11.625842470161075,10.826501084215456,-0.15055498842286807,1.0738319222182522,0.772199087652097,0.8292120306286319
73,Mom_2 T_4 SMA_100,11.718321328317604,10.895707654025669,-0.1371866421922454,1.0754988753748365,0.8541882169472613,0.9186784666852164
74,Mom_2 T_4 SMA_125,11.661923935083628,11.003313638357517,-0.1360556801505065,1.0598556324369595,0.8571434814175388,0.9084483465870028
75,Mom_2 T_4 SMA_150,11.91219940881576,11.025097390862264,-0.14695958272744514,1.0804620572956332,0.8105765672258621,0.8757972254204871
76,Mom_2 T_4 SMA_175,12.200953206328368,11.022194593626907,-0.14154958706358245,1.106944093818034,0.8619561144214316,0.9541372299891452
77,Mom_2 T_4 SMA_200,11.883457548386822,11.146980837605938,-0.15242660761133475,1.066069613064757,0.7796183182589668,0.8311273988845332
78,Mom_2 T_4 SMA_250,12.41761827535015,11.257253803486806,-0.1768336522081423,1.1030770463311341,0.7022203138537215,0.7746031096794851
79,Mom_2 T_4 SMA_300,12.461435575601488,11.407847024462036,-0.1735962041266258,1.092356476106335,0.7178403259619536,0.7841375288748224
80,Mom_3 T_1 SMA_25,11.008276507679593,13.69048753285415,-0.3051946095427328,0.8040821396069466,0.36069695084631676,0.29002997598620806
81,Mom_3 T_1 SMA_50,10.845738694080985,14.14981400238884,-0.22095391389366015,0.7664933752662724,0.4908597681279718,0.3762407604548289
82,Mom_3 T_1 SMA_75,13.443529899402451,14.519444085737673,-0.21861116366646416,0.925898389774297,0.614951664587143,0.5693827560302592
83,Mom_3 T_1 SMA_100,13.676050369020775,14.789760352771406,-0.21861116366646438,0.9246972258382851,0.625587922393861,0.5784794163555396
84,Mom_3 T_1 SMA_125,13.154358026850389,15.044527170982702,-0.21312877797534013,0.8743616783265878,0.6172023389714364,0.5396580729701607
85,Mom_3 T_1 SMA_150,12.897912126963028,15.153691644206985,-0.24844079712973433,0.851139935389519,0.5191543529071763,0.44187300239060157
86,Mom_3 T_1 SMA_175,13.81207259925592,15.239398337346882,-0.2484407971297341,0.9063397578765925,0.5559502609405712,0.5038798248923058
87,Mom_3 T_1 SMA_200,12.402059057111781,15.163376371878897,-0.24844079712973421,0.8178956159204693,0.49919575208235645,0.4082900171142808
88,Mom_3 T_1 SMA_250,13.052079305314447,15.35407535877432,-0.27803494896304204,0.8500726354619353,0.4694402395811543,0.3990583016526342
89,Mom_3 T_1 SMA_300,13.079364643635216,15.352606225317805,-0.24737941299790367,0.8519312259872976,0.5287167790209791,0.4504303337513979
90,Mom_3 T_2 SMA_25,9.252443519925912,11.809148211184624,-0.189134551675874,0.7834979589097528,0.4891990087449554,0.3832864248523469
91,Mom_3 T_2 SMA_50,10.14516336882252,12.1315608230808,-0.16408648372221302,0.8362620042691393,0.6182814780769862,0.5170453080591464
92,Mom_3 T_2 SMA_75,13.174333404899862,12.37200830765107,-0.16626646020467084,1.0648500289765097,0.7923626562255857,0.8437473974417191
93,Mom_3 T_2 SMA_100,12.383309009922506,12.545741847469815,-0.15281717114094584,0.987052751481566,0.8103349196603812,0.799843312072373
94,Mom_3 T_2 SMA_125,12.692701858913624,12.772263009815381,-0.1624294800747711,0.993770786677301,0.7814284607123533,0.7765607761341478
95,Mom_3 T_2 SMA_150,12.489475334232903,12.91955120555948,-0.1674476319936662,0.9667112375280104,0.7458735119470262,0.721044305773673
96,Mom_3 T_2 SMA_175,13.120892674686257,12.984410516363443,-0.1670015332041319,1.010511232539268,0.7856749829145653,0.7939333953602656
97,Mom_3 T_2 SMA_200,12.249382271066,13.044179842264631,-0.18136398329568792,0.9390687969033211,0.6754032442646092,0.6342501120161664
98,Mom_3 T_2 SMA_250,12.377221671019779,13.147370136043527,-0.1913292343840831,0.9414218617826553,0.6469069774341528,0.6090123710962503
99,Mom_3 T_2 SMA_300,12.030210162219234,13.235058805711903,-0.1992946284756616,0.9089653728646307,0.6036394585360536,0.5486873655040277
100,Mom_3 T_3 SMA_25,10.013737011145896,11.008693511740422,-0.15060958090786858,0.9096208374287615,0.66488047777462,0.6047891369833849
101,Mom_3 T_3 SMA_50,10.678419769829173,11.168621799867896,-0.1529452635831945,0.9561089954675946,0.6981857116497533,0.6675416394152733
102,Mom_3 T_3 SMA_75,12.834135742295683,11.357198952494972,-0.15992986629665173,1.1300441064718916,0.8024852417802826,0.9068437180044793
103,Mom_3 T_3 SMA_100,12.150345773863446,11.444705256923132,-0.1419958424769575,1.0616565041300174,0.8556832060653573,0.9084416411941125
104,Mom_3 T_3 SMA_125,12.510353554390608,11.599590253077459,-0.14799787692327115,1.0785168511509722,0.8453062850946536,0.9116770728584117
105,Mom_3 T_3 SMA_150,12.508257119445876,11.675690973419789,-0.16536902449697255,1.0713076551890128,0.7563845259107075,0.8103205328746531
106,Mom_3 T_3 SMA_175,13.119284739743598,11.694265138225386,-0.16536902449697288,1.1218562761041058,0.793333865253813,0.890006575780919
107,Mom_3 T_3 SMA_200,12.322194270221964,11.750959426044535,-0.16536902449697255,1.0486117621095141,0.7451331534248452,0.7813553890190459
108,Mom_3 T_3 SMA_250,13.00029712855013,11.880539060587479,-0.19017735335510055,1.0942514529224805,0.6835880770869642,0.7480172465528953
109,Mom_3 T_3 SMA_300,13.026777736288375,12.020581515680028,-0.1901773533551009,1.083706118484853,0.6849804935482858,0.7423175519010518
110,Mom_3 T_4 SMA_25,9.466325027452704,10.516306184603248,-0.15030409433190917,0.9001568479731216,0.6298115210719865,0.5669291536253166
111,Mom_3 T_4 SMA_50,10.129437616040038,10.5862679007391,-0.12972299053851022,0.9568468993055458,0.7808513798510498,0.7471552216289339
112,Mom_3 T_4 SMA_75,11.873098843349904,10.697806368171577,-0.1505549884228684,1.109862941497529,0.7886220820529418,0.8752624237171837
113,Mom_3 T_4 SMA_100,11.473380153154334,10.815130837208232,-0.13894526585659417,1.0608637404257257,0.8257481881387773,0.8760063115186691
114,Mom_3 T_4 SMA_125,11.830638292947038,10.93204897210094,-0.13450249289877436,1.0821977035722523,0.8795850573454198,0.9518849291556811
115,Mom_3 T_4 SMA_150,11.840738714983011,10.984114591170593,-0.14574699885967568,1.0779875443489093,0.8124173264372464,0.8757757587125935
116,Mom_3 T_4 SMA_175,12.028460496387773,10.98779925936591,-0.1457469988596759,1.0947106160621574,0.8252973022085129,0.9034617181351177
117,Mom_3 T_4 SMA_200,11.8403242388869,11.00460239027758,-0.15242660761133464,1.0759429390513617,0.7767885426590336,0.8357801476099848
118,Mom_3 T_4 SMA_250,12.431264181611535,11.072041534940428,-0.16513624596888754,1.1227617004851147,0.7527883481106653,0.8452019258301111
119,Mom_3 T_4 SMA_300,12.152514114737833,11.237847478711608,-0.1735962041266258,1.0813916221731006,0.7000449218275222,0.7570227136091057
120,Mom_4 T_1 SMA_25,8.991573067671155,13.650636650225687,-0.30762469179425156,0.6586925795525073,0.2922903559927817,0.19252948856720603
121,Mom_4 T_1 SMA_50,7.619249615260637,14.117654232146892,-0.2568687501984396,0.539696573522184,0.2966203405192152,0.1600849814152039
122,Mom_4 T_1 SMA_75,12.226558911164954,14.430554657197103,-0.21861116366646427,0.8472688127110258,0.5592833735526449,0.4738633598789666
123,Mom_4 T_1 SMA_100,10.808202570258318,14.738194524850782,-0.21861116366646427,0.7333464456609041,0.49440304827014353,0.36256871817282615
124,Mom_4 T_1 SMA_125,10.400708614157118,15.122780431136954,-0.22426302673311993,0.6877510826476488,0.46377277457038374,0.3189602278132854
125,Mom_4 T_1 SMA_150,9.376385375786644,15.286770159006446,-0.24844079712973433,0.6133660203075922,0.37740924534589826,0.2314900068451053
126,Mom_4 T_1 SMA_175,9.849956269968052,15.439913100512525,-0.24844079712973444,0.6379541261563891,0.39647096546806115,0.2529302883215569
127,Mom_4 T_1 SMA_200,9.03633418988672,15.384192820104865,-0.24844079712973455,0.5873778556699815,0.36372183209378417,0.213642149795604
128,Mom_4 T_1 SMA_250,9.078087636195109,15.574180676808842,-0.27803494896304226,0.5828934326999996,0.3265088676820198,0.19031987469016248
129,Mom_4 T_1 SMA_300,8.58903794810768,15.630217973208781,-0.332559474930886,0.5495149180152097,0.258270733374615,0.14192362087607963
130,Mom_4 T_2 SMA_25,9.58677037581892,11.86505910730178,-0.18913455167587379,0.8079833643575532,0.5068756761190885,0.4095471141017106
131,Mom_4 T_2 SMA_50,9.638354981651664,11.99605184064746,-0.15749673721648616,0.803460597677065,0.6119717241128192,0.4916951672171497
132,Mom_4 T_2 SMA_75,12.542124327005943,12.225168839378915,-0.16626646020467095,1.025926471183455,0.7543388072114375,0.7738961505591667
133,Mom_4 T_2 SMA_100,11.994664204530704,12.374989057354624,-0.15524337387882192,0.9692666513835915,0.7726361457393577,0.7488904497187118
134,Mom_4 T_2 SMA_125,12.208921686968456,12.621845464476452,-0.17790637455312286,0.9672849918286395,0.6862554373127799,0.6638045850734517
135,Mom_4 T_2 SMA_150,11.845226412835475,12.786394510944934,-0.20353516500210533,0.9263930033361761,0.5819744422401383,0.5391370514117376
136,Mom_4 T_2 SMA_175,11.918737667059641,12.871001719892837,-0.22732792874713514,0.9260147676492484,0.5242971126665775,0.4855068689651126
137,Mom_4 T_2 SMA_200,11.1905395883102,12.921259643168614,-0.22732792874713492,0.8660563983192278,0.4922641775686894,0.42632854064671594
138,Mom_4 T_2 SMA_250,11.316151299998545,13.17134872362761,-0.21776258973218932,0.8591490163569132,0.5196554336498052,0.4464614546647553
139,Mom_4 T_2 SMA_300,11.321218493704643,13.329277952708555,-0.2177625897321891,0.8493497197576357,0.5198881271401031,0.4415668350917687
140,Mom_4 T_3 SMA_25,10.067132266375856,11.070413035450736,-0.15804880510720132,0.9093727789684017,0.6369635163990973,0.5792372830093323
141,Mom_4 T_3 SMA_50,10.691860369797235,11.172565097322124,-0.13240573186785665,0.9569745422526017,0.807507365350913,0.7727639913222945
142,Mom_4 T_3 SMA_75,12.80427005461313,11.363237414976757,-0.15155065161029224,1.1268153244547272,0.8448838667839522,0.9520280884767236
143,Mom_4 T_3 SMA_100,12.411531581011115,11.483937604070382,-0.14829970607837817,1.0807731641289966,0.836922196895756,0.9045230508688172
144,Mom_4 T_3 SMA_125,12.300734146185711,11.65978178489448,-0.17218807573816652,1.0549712141372662,0.7143778158535504,0.7536480317437485
145,Mom_4 T_3 SMA_150,12.366290673941505,11.766276581242456,-0.16536902449697244,1.0509943896487677,0.747799698979775,0.7859332882087808
146,Mom_4 T_3 SMA_175,12.41481985788071,11.855056205448312,-0.17267888217985028,1.0472172921605503,0.7189541477892067,0.7529012158354091
147,Mom_4 T_3 SMA_200,12.2303336063732,11.950309528856739,-0.17267888217985017,1.0234323702528607,0.7082703716853428,0.724866825273805
148,Mom_4 T_3 SMA_250,12.857191386942212,12.193313675524363,-0.19017735335510078,1.0544460455200502,0.6760632199426582,0.7128721887900878
149,Mom_4 T_3 SMA_300,12.999245691129513,12.343329449209138,-0.190177353355101,1.0531393287863997,0.6835327898825679,0.7198552635404227
150,Mom_4 T_4 SMA_25,9.41419472225855,10.61215395975638,-0.15662025876319952,0.8871144122069134,0.6010840996305753,0.5332303677306997
151,Mom_4 T_4 SMA_50,10.030671372418244,10.617650444399233,-0.13735400022174415,0.9447166701282186,0.7302787946637694,0.6899065511600053
152,Mom_4 T_4 SMA_75,11.825836459142991,10.730156107531814,-0.1505549884228683,1.102112247075519,0.7854828712767331,0.8656902923021309
153,Mom_4 T_4 SMA_100,11.737659785278076,10.850959434477685,-0.1389452658565946,1.0817163086964459,0.8447686009966336,0.9137999727727393
154,Mom_4 T_4 SMA_125,11.644315997863641,10.954095498247096,-0.15384648385967647,1.0630102686001777,0.7568789162893338,0.8045700601025361
155,Mom_4 T_4 SMA_150,11.713234288599693,11.027946785937939,-0.14574699885967568,1.0621409874352663,0.8036689866854222,0.8536097710891543
156,Mom_4 T_4 SMA_175,11.762930575489406,11.081293337162275,-0.14758699386441954,1.0615124261751279,0.7970167470377095,0.8460431808502072
157,Mom_4 T_4 SMA_200,11.689985205725284,11.153055140607938,-0.15242660761133475,1.0481419717152118,0.7669254986985614,0.8038468043645823
158,Mom_4 T_4 SMA_250,12.033420024569974,11.303435146800966,-0.16513624596888798,1.0645807994019945,0.7286964744758152,0.7757562753188784
159,Mom_4 T_4 SMA_300,12.160108175894123,11.438113900235404,-0.17359620412662513,1.0631217945507485,0.7004823773119058,0.7446980820190078
160,Mom_5 T_1 SMA_25,9.863329326935588,13.09335255059198,-0.22481033365203895,0.7533081606734591,0.4387400332852151,0.3305064474878976
161,Mom_5 T_1 SMA_50,8.062565944938594,13.657114691076092,-0.21252928362857815,0.5903564645471477,0.37936258981745546,0.2239591573060828
162,Mom_5 T_1 SMA_75,12.740219685413635,13.942708468256567,-0.1768165211631002,0.9137550078178394,0.7205333303476615,0.6583909389048413
163,Mom_5 T_1 SMA_100,11.758347486625764,14.230787310871978,-0.1833661983074486,0.8262612060572833,0.6412494557426904,0.5298395486855318
164,Mom_5 T_1 SMA_125,10.745134085093966,14.626996409106853,-0.20210901506116785,0.7346097438298393,0.5316504106381388,0.390555571965912
165,Mom_5 T_1 SMA_150,10.779925408253765,14.778751453784052,-0.24844079712973444,0.7294205766951714,0.43390318871922423,0.3164979141454503
166,Mom_5 T_1 SMA_175,11.677044452509545,14.963924468831587,-0.24844079712973421,0.7803463908703698,0.47001316158279216,0.36677307430270384
167,Mom_5 T_1 SMA_200,11.577816410534435,15.149932031498839,-0.24844079712973455,0.764215732880024,0.4660191298810138,0.35613915087813003
168,Mom_5 T_1 SMA_250,10.876765299649914,15.506663637530707,-0.27803494896304215,0.7014252423277518,0.3912013701952164,0.2743985158881282
169,Mom_5 T_1 SMA_300,10.792753987049043,15.630229533137529,-0.26280534538970424,0.6905051499190981,0.4106748274486149,0.28357308329540554
170,Mom_5 T_2 SMA_25,8.59249549567307,11.79451327017174,-0.18913455167587412,0.7285163277914524,0.45430596469746587,0.33096931309515104
171,Mom_5 T_2 SMA_50,8.658348063074994,11.935703273360676,-0.19395537015990572,0.7254158271846102,0.4464092979707989,0.32383237015038824
172,Mom_5 T_2 SMA_75,12.169084760735327,12.14846314314469,-0.17359620412662569,1.0016974671896892,0.7009994729987802,0.702189396604185
173,Mom_5 T_2 SMA_100,11.516708623059358,12.350576609067618,-0.17359620412662569,0.9324834772980521,0.6634193806829304,0.6186276110061392
174,Mom_5 T_2 SMA_125,11.355931324788093,12.600396925368022,-0.17359620412662535,0.9012360001077044,0.6541578130651288,0.5895505708860201
175,Mom_5 T_2 SMA_150,11.503471337878256,12.807931276095873,-0.20353516500210522,0.8981521753905566,0.5651834825573887,0.5076207743537293
176,Mom_5 T_2 SMA_175,12.110190260696218,12.90736884011277,-0.20353516500210544,0.9382384907961159,0.5949925292059947,0.5582448926371963
177,Mom_5 T_2 SMA_200,11.3912583376359,13.083547148087382,-0.20353516500210522,0.870655198372647,0.5596702828977036,0.4872798411795756
178,Mom_5 T_2 SMA_250,11.668094804811835,13.336564743059531,-0.2177625897321891,0.8748950745268954,0.5358172319295801,0.4687838570618248
179,Mom_5 T_2 SMA_300,11.8169151023946,13.54627507480956,-0.2177625897321892,0.8723368628745143,0.5426512936371388,0.47337472712621853
180,Mom_5 T_3 SMA_25,7.79461932765575,11.001679742314364,-0.17868771902117986,0.7084935673664717,0.4362146078283004,0.309055243637639
181,Mom_5 T_3 SMA_50,8.548796318648977,11.100270423954472,-0.19306420220368903,0.7701430678842388,0.44279551677994233,0.3410158977382917
182,Mom_5 T_3 SMA_75,11.226981577182094,11.276947947402109,-0.1735962041266258,0.9955691583881502,0.6467296697912144,0.6438641130586856
183,Mom_5 T_3 SMA_100,10.643709031219428,11.420382332839734,-0.17359620412662558,0.9319923555109926,0.6131302861585401,0.5714327396320268
184,Mom_5 T_3 SMA_125,10.282748036512658,11.597450728550886,-0.1735962041266258,0.8866386481986372,0.592337147476574,0.5251890077164664
185,Mom_5 T_3 SMA_150,10.362849834619237,11.692848551647558,-0.17359620412662535,0.8862553712935143,0.5969514072473795,0.5290513910742122
186,Mom_5 T_3 SMA_175,10.758170127731859,11.773272107986017,-0.17359620412662558,0.9137791116230468,0.6197238114656338,0.5662906738927155
187,Mom_5 T_3 SMA_200,10.457736656658723,11.93233515543634,-0.17359620412662558,0.8764199563984093,0.6024173575264686,0.5279705942169926
188,Mom_5 T_3 SMA_250,10.90999269867352,12.180784394569546,-0.19017735335510066,0.8956724251303083,0.573674651907806,0.5138245667100501
189,Mom_5 T_3 SMA_300,11.222426557035025,12.273232747625181,-0.19017735335510066,0.9143822811643915,0.5901032041433671,0.5395799139270286
190,Mom_5 T_4 SMA_25,7.357388434613088,10.633963190806268,-0.17359620412662546,0.6918764248661322,0.4238219649806641,0.293232425910561
191,Mom_5 T_4 SMA_50,8.2263055339588,10.648913595546585,-0.18725413605324592,0.7725018575978561,0.4393123541805048,0.3393696096701272
192,Mom_5 T_4 SMA_75,10.255745996499455,10.72965006362587,-0.1735962041266258,0.9558322904925877,0.5907816964142046,0.5646882220646858
193,Mom_5 T_4 SMA_100,9.926389632395338,10.824522296985426,-0.17359620412662524,0.9170279629947076,0.5718091407779166,0.5243649715893268
194,Mom_5 T_4 SMA_125,9.559606018767418,10.930827765504219,-0.17359620412662546,0.8745546287844607,0.5506805904462289,0.4816002593565093
195,Mom_5 T_4 SMA_150,9.705518015407666,10.994121855974337,-0.17359620412662524,0.8827915628507949,0.5590858431632658,0.4935562652538538
196,Mom_5 T_4 SMA_175,10.086181508740143,11.071023485545988,-0.17359620412662569,0.9110432763428218,0.5810139432186555,0.5293288464307861
197,Mom_5 T_4 SMA_200,10.054986067175653,11.170881724994185,-0.17359620412662569,0.9001067520640039,0.579216931485511,0.521357070939902
198,Mom_5 T_4 SMA_250,10.376462923025542,11.304592222438698,-0.1735962041266258,0.9178980293007921,0.5977355884726988,0.5486603187020395
199,Mom_5 T_4 SMA_300,10.489262562210765,11.455402916523148,-0.17359620412662558,0.9156607269641444,0.6042334056198386,0.5532727994458821
200,Mom_6 T_1 SMA_25,10.711361491531513,13.133816220093394,-0.22389267894542242,0.8155559139882151,0.47841499516572333,0.39017417864804904
201,Mom_6 T_1 SMA_50,8.207919428915167,13.484257217917637,-0.19391319159424636,0.60870386082584,0.42327803288854254,0.25765097282202276
202,Mom_6 T_1 SMA_75,12.775445162620258,13.793198326992412,-0.17527731141924907,0.9262134031393955,0.7288704430239937,0.6750895734809721
203,Mom_6 T_1 SMA_100,11.559325981109625,14.08043043138331,-0.1833661983074486,0.820949759841539,0.6303956829452394,0.5175231845190372
204,Mom_6 T_1 SMA_125,11.168663360521291,14.443081162398045,-0.22131384829333567,0.773288139486361,0.5046527113711397,0.3902419562629361
205,Mom_6 T_1 SMA_150,11.251904253772071,14.628753177778952,-0.2669602876587419,0.7691635860576069,0.4214823242981928,0.32418885601709324
206,Mom_6 T_1 SMA_175,12.38060770900049,14.786517278666112,-0.248440797129734,0.8372903149319108,0.49833231305144404,0.4172488193355911
207,Mom_6 T_1 SMA_200,12.231445547698216,15.003571414264316,-0.24844079712973433,0.8152356002431154,0.49232838120830164,0.4013636233710711
208,Mom_6 T_1 SMA_250,11.348876886728787,15.334989283646784,-0.27803494896304204,0.7400642202489973,0.40818166669533845,0.30208064688282177
209,Mom_6 T_1 SMA_300,11.875754601244925,15.485050656323391,-0.24737941299790356,0.7669173879257157,0.48006236482360665,0.3681681748719624
210,Mom_6 T_2 SMA_25,9.059387240025751,11.80898184558813,-0.19246107715972738,0.7671607390446082,0.4707126954561925,0.36111229932385225
211,Mom_6 T_2 SMA_50,9.412119421415866,12.055853709636795,-0.18944241239532444,0.7807094916797414,0.4968327473456605,0.38788204163008
212,Mom_6 T_2 SMA_75,12.228487551762711,12.229046264217631,-0.17359620412662558,0.9999543126714179,0.7044213675803035,0.7043891844498226
213,Mom_6 T_2 SMA_100,11.591866093732284,12.432110940172953,-0.1735962041266258,0.9324133407042312,0.6677488227379017,0.6226179105603644
214,Mom_6 T_2 SMA_125,11.298777416811156,12.684721740710442,-0.17359620412662558,0.8907390834241774,0.650865465270746,0.579751307967715
215,Mom_6 T_2 SMA_150,11.47616177382611,12.887090798741314,-0.20353516500210522,0.8905160949860763,0.5638417210955861,0.5021101276602696
216,Mom_6 T_2 SMA_175,12.197349533884893,13.013915409344733,-0.20571081824066517,0.9372544042453588,0.5929367078602046,0.5557325408807204
217,Mom_6 T_2 SMA_200,11.370692232487055,13.168567001603384,-0.22197592022614898,0.8634722541262522,0.5122489061382243,0.44231271765687946
218,Mom_6 T_2 SMA_250,12.000204987807406,13.381094891338169,-0.2177625897321891,0.8968029212299631,0.551068252933877,0.49419961902819304
219,Mom_6 T_2 SMA_300,12.281282986252616,13.530602080514695,-0.21776258973218932,0.9076671468994559,0.5639757959049115,0.5119023015893609
220,Mom_6 T_3 SMA_25,7.914151701492389,11.023107943952125,-0.17868771902117964,0.7179601017909402,0.4429040644116306,0.31798744716859545
221,Mom_6 T_3 SMA_50,8.117553947740742,11.165542143569626,-0.19306420220368836,0.7270183429844239,0.4204587828859379,0.30568124762698223
222,Mom_6 T_3 SMA_75,10.383120983417648,11.290123158078636,-0.17359620412662569,0.9196641026885536,0.598119125683412,0.5500686890224973
223,Mom_6 T_3 SMA_100,10.033633224910844,11.403662072464554,-0.17359620412662558,0.8798606238199743,0.5779869021555363,0.5085479162903446
224,Mom_6 T_3 SMA_125,9.617782767173399,11.546427813290682,-0.17359620412662546,0.8329660846363852,0.5540318589085015,0.46148974827883266
225,Mom_6 T_3 SMA_150,9.907345115040457,11.654927565172994,-0.17359620412662535,0.8500563439489212,0.5707120823801997,0.48513742619558803
226,Mom_6 T_3 SMA_175,10.307845400608073,11.781603584167984,-0.17420228994811804,0.8749102214285724,0.5917169862507557,0.5176992394636962
227,Mom_6 T_3 SMA_200,10.019190682106483,11.924954213241541,-0.1855912292685904,0.8401869309469644,0.5398525954912752,0.45357709536956753
228,Mom_6 T_3 SMA_250,10.762757360192499,12.121629594647006,-0.1901773533551009,0.8878969016629089,0.5659326502507467,0.5024898467075166
229,Mom_6 T_3 SMA_300,10.782224507298954,12.291638845804652,-0.19017735335510055,0.8771999114649478,0.56695628144358,0.49733399988680443
230,Mom_6 T_4 SMA_25,7.500421694182791,10.719283799492874,-0.17359620412662569,0.6997129504620107,0.4320613882036144,0.30231894872066317
231,Mom_6 T_4 SMA_50,7.972018112173829,10.779765442114591,-0.18725413605324592,0.7395353966635115,0.42573255150460204,0.31484429134952474
232,Mom_6 T_4 SMA_75,9.96069589300015,10.797953912974322,-0.17359620412662558,0.9224614193835221,0.5737853510745292,0.5292948493736828
233,Mom_6 T_4 SMA_100,9.738285666718927,10.845248037654974,-0.17359620412662546,0.8979311153518439,0.5609734219542942,0.50371549045816
234,Mom_6 T_4 SMA_125,9.17834106266362,10.948452392636568,-0.1735962041266259,0.8383231468254413,0.5287178431602504,0.44323640606086123
235,Mom_6 T_4 SMA_150,9.186691249627966,11.007004910417782,-0.17359620412662546,0.8346222541368228,0.5291988552311294,0.4416811414396314
236,Mom_6 T_4 SMA_175,9.54878455974615,11.11770024784828,-0.17359620412662546,0.8588812746228,0.5500572208814557,0.47243384698613966
237,Mom_6 T_4 SMA_200,9.495018666963006,11.226510409224197,-0.1735962041266259,0.8457675912509268,0.5469600395200505,0.4626010751353848
238,Mom_6 T_4 SMA_250,10.18480424483239,11.358513965548639,-0.17359620412662558,0.8966669650381897,0.5866951006257792,0.5260701152808928
239,Mom_6 T_4 SMA_300,10.384973778482642,11.51824070870826,-0.17359620412662558,0.9016111089457592,0.5982258558434591,0.539367077287047
240,Mom_7 T_1 SMA_25,9.345193830846842,13.234033384356641,-0.22389267894542275,0.7061485761320035,0.41739613259640684,0.29474368471595763
241,Mom_7 T_1 SMA_50,9.094046995289995,13.451890915337868,-0.22244349983649014,0.6760422792992581,0.40882502756766037,0.27638300347142314
242,Mom_7 T_1 SMA_75,13.447506190017622,13.76816677343148,-0.17527731141924907,0.976710001506327,0.7672131710106097,0.7493447774134465
243,Mom_7 T_1 SMA_100,12.303858227488185,14.045083155759695,-0.18336619830744838,0.8760260150145528,0.6709992540096416,0.587812802567804
244,Mom_7 T_1 SMA_125,11.046135086232468,14.464652811775002,-0.22079306417118827,0.7636640318971446,0.5002935725221889,0.3820562067245213
245,Mom_7 T_1 SMA_150,10.792361788649018,14.63734814650893,-0.2668440652429497,0.7373167380201339,0.40444451252168756,0.29820370868263385
246,Mom_7 T_1 SMA_175,12.504189152195021,14.784971154199209,-0.24844079712973455,0.8457364591234658,0.5033065944344639,0.4256647370304938
247,Mom_7 T_1 SMA_200,12.224106563546044,15.019462013173825,-0.2484407971297341,0.8138844489119565,0.4920329794773078,0.4004579903483967
248,Mom_7 T_1 SMA_250,11.573431764282006,15.43138308251672,-0.2523950297926095,0.7499931601979569,0.4585443609484616,0.34390513435868936
249,Mom_7 T_1 SMA_300,11.561301605836483,15.612882509219943,-0.24737941299790367,0.740497573014409,0.4673510000581356,0.3460722812889063
250,Mom_7 T_2 SMA_25,8.157713756472095,11.695161371156614,-0.1924610771597276,0.6975289607026024,0.4238630416529277,0.2956567469244105
251,Mom_7 T_2 SMA_50,8.831026249255668,11.988679613211755,-0.18944241239532444,0.7366137501517438,0.46615887844730713,0.3433790396196018
252,Mom_7 T_2 SMA_75,12.061147395026639,12.16753718732189,-0.17359620412662558,0.9912562591215167,0.6947817468536884,0.6887067552920998
253,Mom_7 T_2 SMA_100,11.59697004935727,12.288955975258043,-0.17359620412662569,0.9436904219289268,0.6680428358271089,0.6304256256082812
254,Mom_7 T_2 SMA_125,11.339015583453339,12.503126019699438,-0.17359620412662558,0.9068944490832155,0.6531833826955321,0.5923683839999757
255,Mom_7 T_2 SMA_150,11.737760836083622,12.759898748718983,-0.20353516500210544,0.9198945122712687,0.5766944908985236,0.5304980974346251
256,Mom_7 T_2 SMA_175,12.79201687627265,12.909930333248013,-0.20571081824066528,0.9908664528830422,0.6218446353806735,0.6161649881039967
257,Mom_7 T_2 SMA_200,11.94702281723039,13.098815926081539,-0.22197592022614898,0.9120689140643796,0.5382125595000921,0.49088694467905925
258,Mom_7 T_2 SMA_250,12.197686632800963,13.416771668977203,-0.2177625897321891,0.9091372301583505,0.5601369201111193,0.5092413280592522
259,Mom_7 T_2 SMA_300,12.581783381224753,13.590446314286025,-0.21776258973218932,0.9257814710616984,0.5777752458169326,0.5348936170154343
260,Mom_7 T_3 SMA_25,7.923802798337931,11.02442951944581,-0.17868771902117975,0.7187494631229004,0.44344417410122783,0.3187252620602355
261,Mom_7 T_3 SMA_50,8.590905331455879,11.20295185235319,-0.19306420220368892,0.7668430110811689,0.4449766053673792,0.3412271999205981
262,Mom_7 T_3 SMA_75,10.995548404926737,11.365237885646534,-0.17359620412662558,0.96747191000844,0.6333979743535347,0.6127947480432911
263,Mom_7 T_3 SMA_100,10.822234218320826,11.451058870768563,-0.1735962041266258,0.9450858947155573,0.6234142199576435,0.5891799858470707
264,Mom_7 T_3 SMA_125,10.743491416756346,11.627296741787298,-0.17359620412662558,0.923988752961413,0.6188782451095396,0.5718365379337113
265,Mom_7 T_3 SMA_150,10.881518348175433,11.748728824316618,-0.17359620412662558,0.926186867608494,0.6268292790686927,0.580561046505923
266,Mom_7 T_3 SMA_175,11.348404043051552,11.879326586487506,-0.17420228994811782,0.9553070168102064,0.6514497625967727,0.62233452930804
267,Mom_7 T_3 SMA_200,11.070263621124155,12.052669298508567,-0.18559122926859017,0.9184906137343387,0.5964863568581206,0.5478671199947749
268,Mom_7 T_3 SMA_250,11.291984200617279,12.322701744710132,-0.190177353355101,0.9163562045526812,0.593760718687297,0.5440963185887637
269,Mom_7 T_3 SMA_300,11.459436120293764,12.49278481213845,-0.190177353355101,0.9172843599418565,0.6025657586524824,0.5527241462484215
270,Mom_7 T_4 SMA_25,7.4954368519870584,10.675767314044904,-0.17359620412662558,0.702098184748384,0.43177423663709213,0.3031479077640216
271,Mom_7 T_4 SMA_50,8.41479501186775,10.803915168736117,-0.18725413605324626,0.7788653354311874,0.4493783255860889,0.3500052002931145
272,Mom_7 T_4 SMA_75,10.453252266476309,10.879591906888008,-0.17359620412662558,0.9608129014341266,0.6021590344712512,0.578562169035095
273,Mom_7 T_4 SMA_100,10.65113784344318,10.928281218739409,-0.17359620412662569,0.9746398020192788,0.6135582224870515,0.5979982644920805
274,Mom_7 T_4 SMA_125,10.519651099114324,11.041410175580701,-0.17359620412662569,0.9527452500931172,0.6059839356533977,0.5773483163265078
275,Mom_7 T_4 SMA_150,10.617338195273573,11.118449940028023,-0.1735962041266258,0.954929711654286,0.6116111955725136,0.5840457026325936
276,Mom_7 T_4 SMA_175,10.919740695935776,11.225147647911598,-0.17359620412662535,0.9727926115936085,0.6290310753552334,0.6119167825683535
277,Mom_7 T_4 SMA_200,10.750756428835317,11.411977795912634,-0.17359620412662558,0.942059003364505,0.619296745739523,0.5834140750782563
278,Mom_7 T_4 SMA_250,10.755061890757478,11.649639740137284,-0.17359620412662546,0.9232098271418938,0.6195447616419345,0.5719698123021162
279,Mom_7 T_4 SMA_300,10.902720683574717,11.812523977589837,-0.17359620412662524,0.9229797716608952,0.6280506384587772,0.5796780348761615
280,Mom_8 T_1 SMA_25,10.065188415148718,13.02235742192716,-0.22389267894542264,0.7729160004624712,0.4495541552567811,0.3474675996723561
281,Mom_8 T_1 SMA_50,9.595591436094653,13.29490974407742,-0.1891957033054743,0.7217492725265976,0.50717808430362,0.36605541338757114
282,Mom_8 T_1 SMA_75,13.734436581105847,13.583931134193639,-0.17527731141924907,1.011079667986048,0.7835832527265433,0.792265095006181
283,Mom_8 T_1 SMA_100,12.054170619787374,13.769288509646525,-0.1833661983074486,0.8754388878802584,0.6573823709632811,0.5754980917481822
284,Mom_8 T_1 SMA_125,10.936879364638763,14.126099983728784,-0.2021090150611683,0.774232051113645,0.5411376311605257,0.4189660981081929
285,Mom_8 T_1 SMA_150,11.302244740463262,14.264259471574631,-0.23565774981171173,0.7923471080280067,0.4796042035321837,0.38001300366680124
286,Mom_8 T_1 SMA_175,12.590868833846457,14.486967292227598,-0.2021090150611683,0.869116950419401,0.6229741325509814,0.5414373782728806
287,Mom_8 T_1 SMA_200,11.7365062105385,14.72963277398445,-0.2243796522764202,0.7967955746505491,0.5230646402856501,0.41677559063578734
288,Mom_8 T_1 SMA_250,12.684826281337159,15.142233830010538,-0.27803494896304215,0.8377116892883387,0.45623135971382117,0.38219034305218086
289,Mom_8 T_1 SMA_300,12.230621946923058,15.258408381279784,-0.2420860343762805,0.8015660376431233,0.5052179890688238,0.4049655816439238
290,Mom_8 T_2 SMA_25,8.582973807621341,11.730544605125159,-0.18852594104656184,0.7316773514395384,0.4552675223353762,0.33310893493878896
291,Mom_8 T_2 SMA_50,9.729478436615002,11.924195343433945,-0.18944241239532444,0.8159442340880919,0.5135850158153461,0.41905673236857316
292,Mom_8 T_2 SMA_75,12.447355165536568,12.096648490090292,-0.17359620412662558,1.0289920531074024,0.717029224697629,0.7378173740596222
293,Mom_8 T_2 SMA_100,11.937172830297339,12.19035487852333,-0.1735962041266258,0.9792309534259711,0.687640198721744,0.6733585674083176
294,Mom_8 T_2 SMA_125,11.251383845435292,12.434667503751415,-0.17482587633255076,0.9048399438136051,0.6435765735292586,0.5823337906319668
295,Mom_8 T_2 SMA_150,11.675051689842908,12.646606373008193,-0.20353516500210533,0.9231766487775814,0.5736134927702613,0.5295465819492533
296,Mom_8 T_2 SMA_175,12.273941239985708,12.796101678999955,-0.20571081824066495,0.9591937879118936,0.5966599785542729,0.5723125449249022
297,Mom_8 T_2 SMA_200,11.18354730559108,13.020919371700263,-0.22197592022614887,0.8588907577369278,0.5038180400016944,0.43272465813858907
298,Mom_8 T_2 SMA_250,11.964131833780268,13.437154003518677,-0.21776258973218898,0.8903769228697773,0.549411717067386,0.48918351403105986
299,Mom_8 T_2 SMA_300,12.465384818867342,13.6319098695213,-0.21776258973218932,0.9144268806191189,0.5724300410918897,0.5234454168483307
300,Mom_8 T_3 SMA_25,7.988215058218784,10.965973102666174,-0.20756775355192036,0.7284547375259015,0.38484855771301857,0.2803447550960587
301,Mom_8 T_3 SMA_50,9.051677396205626,11.053950939522664,-0.18417659283466292,0.818863539898839,0.4914673062896436,0.4024446581728845
302,Mom_8 T_3 SMA_75,11.154156263153258,11.223828946804087,-0.17359620412662535,0.9937924318001418,0.6425345714942673,0.6385459943209499
303,Mom_8 T_3 SMA_100,11.069822240203987,11.316716037703923,-0.17359620412662524,0.9781832647671498,0.6376765146390755,0.6237644949549881
304,Mom_8 T_3 SMA_125,11.067578169765513,11.478468382400921,-0.17359620412662569,0.9642033937850633,0.6375472450821866,0.6147252174065618
305,Mom_8 T_3 SMA_150,11.33215329751238,11.60111159275036,-0.17359620412662546,0.9768161617024653,0.6527880810830645,0.6376539477686768
306,Mom_8 T_3 SMA_175,11.569105921715916,11.733488745088758,-0.1742022899481176,0.9859902858438717,0.6641190494775658,0.6548149314287455
307,Mom_8 T_3 SMA_200,11.048595808976902,11.904762231789705,-0.18559122926859006,0.9280820224593355,0.5953188549113616,0.5525047268743122
308,Mom_8 T_3 SMA_250,11.597670080800416,12.28040561116012,-0.19017735335510078,0.944404480440023,0.609834445384522,0.5759303825477992
309,Mom_8 T_3 SMA_300,11.874946999136892,12.423522865905596,-0.19017735335510078,0.9558437753373333,0.6244143579474413,0.5968425772753193
310,Mom_8 T_4 SMA_25,7.719840741523698,10.52963445471315,-0.20429179394520391,0.733153726724885,0.37788305601713734,0.2770463707851527
311,Mom_8 T_4 SMA_50,8.835019588252058,10.605049115478934,-0.17359620412662546,0.8330955841926867,0.5089408280959629,0.4239963565021159
312,Mom_8 T_4 SMA_75,10.630633188454786,10.691093837443715,-0.1735962041266258,0.9943447649129057,0.6123770529395051,0.6089139167431902
313,Mom_8 T_4 SMA_100,10.545709498371924,10.736443130918152,-0.17359620412662546,0.9822349329083703,0.607485028340805,0.59669301605517
314,Mom_8 T_4 SMA_125,10.500551498881805,10.834442948569542,-0.17359620412662558,0.9691824073214746,0.6048837042094786,0.5862426445952732
315,Mom_8 T_4 SMA_150,10.781033892370306,10.903727520667712,-0.1735962041266258,0.9887475518748206,0.6210408773976606,0.6140526471411275
316,Mom_8 T_4 SMA_175,10.924166518929246,11.014933466697823,-0.1735962041266258,0.9917596462980918,0.6292860246506808,0.6241004852278915
317,Mom_8 T_4 SMA_200,10.625001455656612,11.204844054011346,-0.17359620412662569,0.9482507212452324,0.6120526372746292,0.5803793547357138
318,Mom_8 T_4 SMA_250,10.980780865717875,11.499016162377211,-0.17683365220814218,0.9549322055607755,0.6209666954564135,0.5929810960719794
319,Mom_8 T_4 SMA_300,11.222463860496967,11.652490863376975,-0.17359620412662558,0.9630957013464344,0.6464694269646017,0.6226119261615006
320,Mom_9 T_1 SMA_25,9.20586613382184,13.072360355838017,-0.24031717095035654,0.7042237119565458,0.38307150909842974,0.2697680400820919
321,Mom_9 T_1 SMA_50,9.161479283162222,13.566959412098035,-0.2321328680342266,0.675278741896484,0.39466532080288674,0.2665091013019456
322,Mom_9 T_1 SMA_75,12.814397049457815,13.839739089387598,-0.199891870561551,0.925913195811905,0.6410664432454739,0.593571879193188
323,Mom_9 T_1 SMA_100,11.65338146271704,13.936522233334736,-0.17527731141924907,0.8361757164096034,0.6648539601821652,0.555934736463084
324,Mom_9 T_1 SMA_125,10.63019793698119,14.274045327345961,-0.22079306417118816,0.7447221648242945,0.48145524755882946,0.35855039422802815
325,Mom_9 T_1 SMA_150,10.190682123954598,14.473220810741582,-0.2668440652429499,0.7041060353609326,0.3818965250239471,0.2688956481527286
326,Mom_9 T_1 SMA_175,12.210872330804335,14.599308247971207,-0.24844079712973444,0.8364007474464565,0.49150028787050964,0.4110912081450428
327,Mom_9 T_1 SMA_200,11.421025730343981,14.802237548866593,-0.24844079712973433,0.771574276702409,0.45970814223317713,0.3546989773377718
328,Mom_9 T_1 SMA_250,11.803647317669718,15.186680298406872,-0.25239502979260975,0.777236834234797,0.4676656005218742,0.3634869308301367
329,Mom_9 T_1 SMA_300,12.794171394784893,15.44687534552651,-0.24737941299790378,0.8282692200588093,0.5171882025159995,0.42837106912154443
330,Mom_9 T_2 SMA_25,8.816518505287373,11.812060384902397,-0.23774181656498306,0.7463997150366942,0.3708442474560429,0.2767980406241877
331,Mom_9 T_2 SMA_50,9.804798096231693,12.08981010100264,-0.1967112468807255,0.810996865485799,0.4984360707233361,0.4042300910016836
332,Mom_9 T_2 SMA_75,11.981217992850567,12.222940484789543,-0.1735962041266258,0.9802238673877387,0.6901774179411861,0.6765283777979931
333,Mom_9 T_2 SMA_100,11.373073911632092,12.341761886540954,-0.17359620412662569,0.9215113705956972,0.6551453108580801,0.6037238533481736
334,Mom_9 T_2 SMA_125,10.900292513080355,12.58088459999852,-0.17929567595835583,0.8664170175348114,0.6079506633284406,0.5267388005293377
335,Mom_9 T_2 SMA_150,10.903400326819224,12.763203685493455,-0.2035351650021051,0.8542839709760279,0.5357010581786421,0.4576408272369105
336,Mom_9 T_2 SMA_175,11.816099209244513,12.91258189782881,-0.20571081824066506,0.9150841638596952,0.574403393574597,0.5256274491273815
337,Mom_9 T_2 SMA_200,10.727186142550682,13.133371220827478,-0.2219759202261492,0.8167884667372409,0.4832590008691852,0.39472037835691276
338,Mom_9 T_2 SMA_250,11.38699448817604,13.521442103819117,-0.2177625897321891,0.842143493330478,0.5229086640721946,0.4403641290545314
339,Mom_9 T_2 SMA_300,12.154288131654445,13.7031134423516,-0.2177625897321892,0.8869727440254366,0.5581439928043721,0.49505850885900743
340,Mom_9 T_3 SMA_25,8.108446410795533,11.19130450885995,-0.24026953433795162,0.7245309431421713,0.337472931519923,0.2445095813590832
341,Mom_9 T_3 SMA_50,10.281933344119931,11.244104856782178,-0.2020488027110775,0.9144288029222809,0.5088836561344402,0.4653378725057298
342,Mom_9 T_3 SMA_75,11.900045565056661,11.336770646538959,-0.17359620412662535,1.0496856588246908,0.6855014846048404,0.7195610774927356
343,Mom_9 T_3 SMA_100,11.600539678096201,11.430348270998085,-0.17359620412662546,1.0148894332056302,0.6682484640985855,0.6781983049695464
344,Mom_9 T_3 SMA_125,11.350086709567787,11.558751975904773,-0.17359620412662558,0.9819474224577215,0.6538211343197768,0.6420179775936886
345,Mom_9 T_3 SMA_150,11.519208839416816,11.674967763360199,-0.17359620412662546,0.9866587277069659,0.6635634055117019,0.6547106254350773
346,Mom_9 T_3 SMA_175,11.850017603928919,11.816523353606014,-0.17420228994811793,1.0028345266471872,0.6802446516322012,0.6821728232238592
347,Mom_9 T_3 SMA_200,11.274896416797041,12.019719386010205,-0.1855912292685904,0.9380332480906279,0.6075123518083844,0.569866784621995
348,Mom_9 T_3 SMA_250,11.901230282718434,12.394176628607363,-0.1901773533551009,0.9602275842389445,0.6257963986120023,0.6009069640646345
349,Mom_9 T_3 SMA_300,12.38973536788086,12.533602554848166,-0.19017735335510078,0.9885214816460207,0.651483215498674,0.6440051534522631
350,Mom_9 T_4 SMA_25,7.689988439154227,10.726789443939012,-0.22917625329817748,0.716895626538034,0.3355490950080639,0.24055367870007627
351,Mom_9 T_4 SMA_50,9.711256992737226,10.830700435615428,-0.17359620412662546,0.8966416392427354,0.5594164366436025,0.5015960707714496
352,Mom_9 T_4 SMA_75,11.11432802097414,10.859737353174609,-0.17359620412662558,1.0234435382293208,0.6402402677461231,0.6552497649389799
353,Mom_9 T_4 SMA_100,10.95732896751349,10.930307183628607,-0.17359620412662535,1.0024721888809636,0.6311963457173835,0.6327567823049708
354,Mom_9 T_4 SMA_125,10.739306558721061,11.032843790773283,-0.17359620412662546,0.9733942365523469,0.6186371765875445,0.6021778622073323
355,Mom_9 T_4 SMA_150,10.8550518661779,11.097943149022512,-0.17359620412662558,0.9781138469009002,0.6253046787970055,0.6116191648632707
356,Mom_9 T_4 SMA_175,11.1181435515735,11.19959311082983,-0.17359620412662546,0.9927274537163703,0.6404600611810408,0.6358022857432853
357,Mom_9 T_4 SMA_200,10.815037047324804,11.395048639923367,-0.17359620412662558,0.949099682596663,0.6229996273095946,0.5912887485373756
358,Mom_9 T_4 SMA_250,11.130226358289995,11.71095682629193,-0.1768336522081424,0.9504113560816693,0.6294178862057965,0.5982059067709089
359,Mom_9 T_4 SMA_300,11.322859177778488,11.84168908447796,-0.17359620412662569,0.9561861569748904,0.6522526938157757,0.6236749966762264
360,Mom_10 T_1 SMA_25,8.443626193467368,13.134074198164416,-0.24031717095035643,0.6428794345205867,0.3513534284743895,0.22587789341448491
361,Mom_10 T_1 SMA_50,8.398204112093378,13.573695877646937,-0.240333580621647,0.6187116749774451,0.34943947867670333,0.21620228515530832
362,Mom_10 T_1 SMA_75,12.345681179627155,13.80334800183406,-0.19989187056155122,0.894397589482405,0.6176179724040174,0.5523960257391637
363,Mom_10 T_1 SMA_100,10.667059213449237,13.880648555768865,-0.17527731141924896,0.7684842081111517,0.6085818596301096,0.46768554846865684
364,Mom_10 T_1 SMA_125,9.832160224953235,14.204547337382776,-0.22079306417118827,0.6921839880865106,0.44531109986906253,0.3082372130465581
365,Mom_10 T_1 SMA_150,9.399873041561202,14.384188664491372,-0.2668440652429499,0.65348649554115,0.3522608993759343,0.23019774064935297
366,Mom_10 T_1 SMA_175,11.005057480417225,14.569403292001857,-0.22086046664109082,0.7553540292524303,0.4982810028333856,0.37637856319013946
367,Mom_10 T_1 SMA_200,9.75017071800579,14.80749800958669,-0.24679495515245387,0.6584617274095409,0.39507171903018723,0.2601396065632739
368,Mom_10 T_1 SMA_250,10.673793530865638,15.252594560164702,-0.26122523910329487,0.6998018264212209,0.4086049865436225,0.2859425158680454
369,Mom_10 T_1 SMA_300,12.003608289573965,15.551777487393286,-0.258353533954777,0.7718479961087684,0.4646194733947442,0.35861560949284454
370,Mom_10 T_2 SMA_25,9.063280120723348,11.721972104295828,-0.23904635500610594,0.7731873135410269,0.37914320511148747,0.2931487162074855
371,Mom_10 T_2 SMA_50,9.744346604471342,11.852016992450267,-0.23325648932972354,0.8221677888817144,0.4177524334895164,0.34346259454203115
372,Mom_10 T_2 SMA_75,11.92471485331319,12.027142688391095,-0.17359620412662546,0.9914836102196767,0.6869225576277579,0.6810724573781033
373,Mom_10 T_2 SMA_100,11.532838886169628,12.160896672312472,-0.1801822875825435,0.9483543193346273,0.6400650719281331,0.607008475618274
374,Mom_10 T_2 SMA_125,11.482753377905164,12.464031258099393,-0.1822742645475165,0.9212712275928726,0.6299711814177563,0.5803743236528687
375,Mom_10 T_2 SMA_150,11.459617521105958,12.632020185946875,-0.2064624995133233,0.9071880310842747,0.5550459549854696,0.5035310470645591
376,Mom_10 T_2 SMA_175,11.911660985107119,12.800104573591831,-0.2126432063412398,0.9305909117088247,0.5601712460068838,0.5212902705346143
377,Mom_10 T_2 SMA_200,10.831588097675017,13.013602440454148,-0.2274540585487257,0.8323281848540177,0.4762099285801335,0.3963629454645639
378,Mom_10 T_2 SMA_250,11.652293481448295,13.399630322139277,-0.21776258973218898,0.8695981307929086,0.5350916103532125,0.465314664166121
379,Mom_10 T_2 SMA_300,12.37812829577225,13.663450424119036,-0.21776258973218932,0.9059299014194901,0.5684230845617343,0.5149514689615745
380,Mom_10 T_3 SMA_25,8.264418036160848,11.00447133945057,-0.24026953433795217,0.7510054578027074,0.34396445887044896,0.25831918590186204
381,Mom_10 T_3 SMA_50,9.87961278738183,11.050519936302418,-0.19681346776991082,0.8940405378507121,0.5019784925964423,0.448789121510413
382,Mom_10 T_3 SMA_75,11.468457563158685,11.192931912175004,-0.17359620412662558,1.0246160392241805,0.6606398809730479,0.6769022181961385
383,Mom_10 T_3 SMA_100,11.428316676673255,11.304469123904429,-0.17359620412662524,1.0109556274966454,0.6583275673664597,0.6655399589652994
384,Mom_10 T_3 SMA_125,11.171994524464179,11.489512542700647,-0.17359620412662569,0.9723645353050083,0.6435621435774614,0.6257770046795933
385,Mom_10 T_3 SMA_150,11.390566191529249,11.612292341139257,-0.17359620412662558,0.9809059104700205,0.6561529527005484,0.6436243094763238
386,Mom_10 T_3 SMA_175,11.570039138474698,11.745938183651754,-0.17420228994811815,0.9850246917337028,0.6641726203438857,0.6542264306122016
387,Mom_10 T_3 SMA_200,11.292467891552494,11.921933243317252,-0.18559122926859006,0.947201067233152,0.6084591354912513,0.5763331425050743
388,Mom_10 T_3 SMA_250,12.13645330044988,12.283593116645987,-0.19017735335510055,0.9880214351941768,0.638165012097345,0.630520711143128
389,Mom_10 T_3 SMA_300,12.643163013685243,12.440007141924278,-0.19017735335510055,1.0163308484829003,0.6648090737743014,0.6756659700281669
390,Mom_10 T_4 SMA_25,7.204698019472988,10.569888498241838,-0.2291762532981776,0.6816247891991856,0.31437367160807317,0.21428488763962686
391,Mom_10 T_4 SMA_50,8.899328481451185,10.607793665485627,-0.17359620412662546,0.8389424570357885,0.5126453384291623,0.4300799398097047
392,Mom_10 T_4 SMA_75,10.217257093236732,10.665420016708106,-0.1735962041266258,0.9579798148812427,0.5885645452122897,0.5638329540681322
393,Mom_10 T_4 SMA_100,10.269840659768592,10.724959014213876,-0.17359620412662535,0.9575645600284242,0.5915936187335937,0.566489083238257
394,Mom_10 T_4 SMA_125,10.079801359919148,10.860844023083638,-0.17359620412662558,0.9280863751008244,0.5806464150890465,0.5388900265952817
395,Mom_10 T_4 SMA_150,10.39659212126045,10.9388754786245,-0.17359620412662558,0.9504260416508336,0.5988951298541589,0.5692055276312502
396,Mom_10 T_4 SMA_175,10.505186495651731,11.045941372482606,-0.17359620412662558,0.9510449260415241,0.6051507029490677,0.5755255055301725
397,Mom_10 T_4 SMA_200,10.208962680161694,11.23614233007495,-0.17359620412662558,0.9085825348470462,0.5880867459933059,0.5343253463845489
398,Mom_10 T_4 SMA_250,10.753240171270262,11.527243664834478,-0.17683365220814218,0.9328544172337204,0.608099195882306,0.5672680209950826
399,Mom_10 T_4 SMA_300,11.075593709732324,11.660797841420369,-0.17359620412662546,0.949814400382679,0.6380089798307748,0.6059901166167321
400,Mom_11 T_1 SMA_25,8.297600077275957,13.339612191223662,-0.24031717095035654,0.622027084320718,0.3452770371947343,0.21477166872913667
401,Mom_11 T_1 SMA_50,9.97163687760716,13.729911619189988,-0.2403335806216469,0.7262710171906736,0.41490818102965565,0.3013357866771401
402,Mom_11 T_1 SMA_75,13.481243171397516,13.935587857274749,-0.1998918705615511,0.9673968051774685,0.6744267855178405,0.6524383176360687
403,Mom_11 T_1 SMA_100,11.933734696615872,14.014417009629883,-0.17527731141924918,0.851532724366323,0.6808487989681301,0.5797650326668707
404,Mom_11 T_1 SMA_125,12.010211912217471,14.215111545184513,-0.22079306417118827,0.8448904445133271,0.5439578438435707,0.4595847844815054
405,Mom_11 T_1 SMA_150,11.314856088252245,14.428495985144986,-0.2668440652429498,0.7842020471088309,0.4240250229268006,0.332521291004566
406,Mom_11 T_1 SMA_175,12.554127893002631,14.599741241016357,-0.26869764351286407,0.8598870134583755,0.46722136185766716,0.40175758147174434
407,Mom_11 T_1 SMA_200,10.631415391211195,14.874292996178141,-0.2590983458887268,0.7147509729667738,0.4103235531953954,0.2932791588775926
408,Mom_11 T_1 SMA_250,11.091796837058943,15.30030932953653,-0.261225239103294,0.7249393850911726,0.42460662970904633,0.3078140690469113
409,Mom_11 T_1 SMA_300,12.911034637040819,15.672686169002604,-0.25835353395477656,0.8237920735359474,0.4997429080765285,0.4116842464792478
410,Mom_11 T_2 SMA_25,9.197114239549432,11.659895226440344,-0.23904635500610594,0.7887818939139151,0.3847418731532012,0.3034774233737693
411,Mom_11 T_2 SMA_50,10.191825173790336,11.793541336853659,-0.23325648932972354,0.8641870056402722,0.4369364043451548,0.37759476292626654
412,Mom_11 T_2 SMA_75,11.892427908289815,11.969158076427346,-0.17359620412662558,0.9935893429055258,0.6850626698965819,0.68067096803165
413,Mom_11 T_2 SMA_100,11.330231355517494,12.099453112241283,-0.1801822875825443,0.9364250805728112,0.6288204854945545,0.5888432737950724
414,Mom_11 T_2 SMA_125,11.317288238046963,12.391497030245477,-0.18227426454751616,0.9133108138930625,0.6208933700070817,0.5670686291019741
415,Mom_11 T_2 SMA_150,11.261436768572208,12.567134757574362,-0.2064624995133233,0.8961021733124017,0.5454470809526111,0.4887763146685403
416,Mom_11 T_2 SMA_175,11.763585418253285,12.724392118495338,-0.21264320634124023,0.9244909547509552,0.5532076768714451,0.5114354933664402
417,Mom_11 T_2 SMA_200,10.984776194521139,12.93146958283137,-0.2274540585487259,0.8494607766085006,0.48294483134790694,0.4102426914958544
418,Mom_11 T_2 SMA_250,11.753307504586674,13.302403443305154,-0.21776258973218932,0.8835476652530705,0.5397303328841391,0.4768774754860436
419,Mom_11 T_2 SMA_300,12.573973169011254,13.57236166742243,-0.21776258973218932,0.926439589300984,0.5774165886103342,0.5349415872077332
420,Mom_11 T_3 SMA_25,7.81380563875862,11.063407510733043,-0.24026953433795206,0.7062747739499012,0.3252100046844924,0.2296876225447862
421,Mom_11 T_3 SMA_50,9.341012812372051,11.057132145663456,-0.20204880271107795,0.8447952587810523,0.46231468274174053,0.3905612520450888
422,Mom_11 T_3 SMA_75,11.033908003825555,11.177237743941456,-0.17359620412662569,0.9871766402934757,0.6356076769845226,0.6274570511103218
423,Mom_11 T_3 SMA_100,10.854339872650897,11.276225362758053,-0.17359620412662524,0.9625862842808627,0.6252636644481858,0.6018702274570153
424,Mom_11 T_3 SMA_125,10.70793583956795,11.44871632752876,-0.1735962041266258,0.9352957600862567,0.6168300679983354,0.5769185472925605
425,Mom_11 T_3 SMA_150,10.929757618766889,11.570201473473249,-0.17359620412662535,0.9446471302876884,0.6296080996560531,0.5947574845459755
426,Mom_11 T_3 SMA_175,11.281617665870769,11.713636120257764,-0.17420228994811804,0.9631183306403163,0.6476159222264373,0.6237307659108151
427,Mom_11 T_3 SMA_200,11.09077795221376,11.901724731461133,-0.18559122926858995,0.9318630872798033,0.5975917071039518,0.5568736531146965
428,Mom_11 T_3 SMA_250,11.614665186770079,12.250226444793826,-0.1961415594554473,0.9481184073708407,0.5921572775813633,0.561435214933495
429,Mom_11 T_3 SMA_300,12.038113240402716,12.391921571779813,-0.19017735335510066,0.9714484691233983,0.6329940462429853,0.6149210971869736
430,Mom_11 T_4 SMA_25,7.3404382952284575,10.641199698127116,-0.2291762532981777,0.6898130383287889,0.32029663586819906,0.22094479555473215
431,Mom_11 T_4 SMA_50,8.986144964648378,10.684098890544005,-0.17359620412662569,0.8410765434417303,0.51764639727339,0.4353802425437676
432,Mom_11 T_4 SMA_75,10.32226165941086,10.765840234820997,-0.17359620412662535,0.9587975888797394,0.5946133275979667,0.570113824816689
433,Mom_11 T_4 SMA_100,10.234432051596375,10.817935518296872,-0.1735962041266258,0.9460614767287537,0.5895539077646595,0.5577542405910413
434,Mom_11 T_4 SMA_125,10.10329429602641,10.945547655818379,-0.17359620412662558,0.9230505968018652,0.5819997244096884,0.537215192954884
435,Mom_11 T_4 SMA_150,10.382408817782295,11.027027263575345,-0.17359620412662546,0.9415419559247519,0.5980781014202996,0.563115625407031
436,Mom_11 T_4 SMA_175,10.578244946077199,11.134712102719128,-0.17359620412662558,0.9500241091544668,0.6093592310556025,0.5789059606386496
437,Mom_11 T_4 SMA_200,10.44911881128261,11.319278897351545,-0.1735962041266258,0.92312583743541,0.6019209270071791,0.5556487598134006
438,Mom_11 T_4 SMA_250,10.865509717368639,11.607801528688421,-0.1768336522081424,0.936052334330043,0.6144480748822272,0.5751555548181098
439,Mom_11 T_4 SMA_300,11.231570692275827,11.733817411099281,-0.17359620412662535,0.9571966478404235,0.6469940255193162,0.6193005123998708
440,Mom_12 T_1 SMA_25,8.992435775417707,13.230451801038631,-0.24031717095035676,0.6796771501568657,0.37419031440226586,0.2543286065092336
441,Mom_12 T_1 SMA_50,8.617417503752357,13.591926598830762,-0.240333580621647,0.6340100088896644,0.3585606922454423,0.22733106767801708
442,Mom_12 T_1 SMA_75,11.619724895136251,13.774730850856473,-0.1998918705615511,0.8435536796287944,0.5813005232525593,0.49035819535983993
443,Mom_12 T_1 SMA_100,11.140404240202306,13.890163942639072,-0.19276952925613844,0.8020354753340425,0.5779131319763576,0.4635068335064432
444,Mom_12 T_1 SMA_125,10.416141544649914,14.085543486969858,-0.22079306417118827,0.7394916322742957,0.47176036003440447,0.3488628386841512
445,Mom_12 T_1 SMA_150,9.963517398329902,14.259084503544559,-0.2668440652429498,0.6987487447636029,0.37338351105011675,0.2609012596616959
446,Mom_12 T_1 SMA_175,11.246745454600248,14.410672871306158,-0.22086046664109094,0.7804455458144657,0.5092240193840013,0.39742161774998297
447,Mom_12 T_1 SMA_200,9.823300944387125,14.649850651017823,-0.24679495515245398,0.6705393234643409,0.39803491681257924,0.26689806383469206
448,Mom_12 T_1 SMA_250,9.92580725169201,15.143352379132395,-0.26122523910329465,0.6554564011446907,0.37997121892831764,0.24905456769731646
449,Mom_12 T_1 SMA_300,11.580167278299758,15.525013685711507,-0.2583535339547769,0.74590383704187,0.44822949007257595,0.3343360965204552
450,Mom_12 T_2 SMA_25,8.697475548305578,11.736018056228906,-0.23904635500610605,0.7410925500143877,0.3638405424790273,0.2696395154244005
451,Mom_12 T_2 SMA_50,9.933101821816347,11.696511115681364,-0.21323905545730704,0.8492362999167473,0.4658200065890402,0.3955912588228714
452,Mom_12 T_2 SMA_75,12.408394358620868,11.870437364535713,-0.17359620412662558,1.0453190541818083,0.7147848895111706,0.7471782646472651
453,Mom_12 T_2 SMA_100,11.923392796360076,12.004020912165114,-0.17359620412662569,0.9932832409744199,0.6868464006080938,0.6822330188476221
454,Mom_12 T_2 SMA_125,11.801950086162094,12.264154069586557,-0.17359620412662569,0.962312607881316,0.6798506998202241,0.6542288999139375
455,Mom_12 T_2 SMA_150,12.024560345417946,12.447854834343543,-0.19635397343872207,0.9659945834395713,0.6123920048488634,0.5915673596257017
456,Mom_12 T_2 SMA_175,12.482564853405043,12.60745317321211,-0.2126432063412399,0.9900940881483958,0.587019217222186,0.5812042566011854
457,Mom_12 T_2 SMA_200,11.498094309325557,12.803721202786393,-0.2274540585487258,0.898027544275433,0.5055128223558344,0.45396443845995316
458,Mom_12 T_2 SMA_250,11.701845659605436,13.204244125710487,-0.2177625897321892,0.8862185179400255,0.5373671241693401,0.4762246963710462
459,Mom_12 T_2 SMA_300,13.038430188153649,13.361631249465834,-0.2177625897321891,0.9758112572276603,0.5987451841103055,0.5842622908656842
460,Mom_12 T_3 SMA_25,7.636657923344359,11.098423168321345,-0.21578756629132623,0.6880849475213708,0.35389703190935523,0.2435112206293176
461,Mom_12 T_3 SMA_50,9.062035659351997,11.00169167592965,-0.20207316089415284,0.8236947486156714,0.4484532047330495,0.3693885497384814
462,Mom_12 T_3 SMA_75,10.912442246415232,11.105277047789402,-0.17359620412662546,0.9826357505045266,0.6286106485632267,0.6176952964260635
463,Mom_12 T_3 SMA_100,10.962320534735625,11.193757775865578,-0.17359620412662535,0.9793244372654779,0.6314838846786901,0.6184276000051762
464,Mom_12 T_3 SMA_125,10.81617160589159,11.36940288527495,-0.17359620412662569,0.9513403399487342,0.6230649834947997,0.5927468532080952
465,Mom_12 T_3 SMA_150,11.102367247274092,11.487649338486115,-0.17359620412662569,0.9664611897647986,0.6395512680205686,0.6181014794067443
466,Mom_12 T_3 SMA_175,11.275871562384388,11.612904944610987,-0.17420228994811782,0.9709776852704715,0.6472860698755826,0.6285003298356138
467,Mom_12 T_3 SMA_200,10.886125805824554,11.809783196857488,-0.18559122926859006,0.9217887936098003,0.5865646695011653,0.5406887390736104
468,Mom_12 T_3 SMA_250,11.585231181713084,12.179441304492777,-0.19614155945544753,0.9512120377343992,0.5906566264629198,0.5618396932591199
469,Mom_12 T_3 SMA_300,12.274553973835323,12.349277084660443,-0.19017735335510078,0.9939491914941372,0.6454266902598108,0.6415213369524758
470,Mom_12 T_4 SMA_25,7.235979096470779,10.640850057289935,-0.20559348599682625,0.6800188948732988,0.35195565955735003,0.23933649865659215
471,Mom_12 T_4 SMA_50,8.6719947928678,10.587411563702965,-0.1865191337390365,0.8190854526330282,0.46493861616369075,0.38082445686701044
472,Mom_12 T_4 SMA_75,9.869080106173378,10.643787382896907,-0.1735962041266258,0.9272150740282189,0.5685078286028998,0.5271290283836597
473,Mom_12 T_4 SMA_100,9.837206084476403,10.694075514129116,-0.1894581268090496,0.9198743801162982,0.5192285097588393,0.47762500355312154
474,Mom_12 T_4 SMA_125,9.809376969041384,10.821560747439749,-0.1735962041266258,0.9064660078133522,0.5650686326001781,0.5122155075336333
475,Mom_12 T_4 SMA_150,10.25310953750167,10.905802738952648,-0.17359620412662558,0.9401517506712522,0.590629823335468,0.5552816624074927
476,Mom_12 T_4 SMA_175,10.246542881749532,10.99829318807398,-0.17359620412662558,0.9316484573133939,0.5902515514841233,0.5499069473670207
477,Mom_12 T_4 SMA_200,10.005938820255334,11.171878064633255,-0.17359620412662558,0.8956362361249782,0.5763915674651932,0.5162371740187021
478,Mom_12 T_4 SMA_250,10.43686264834176,11.470162779935963,-0.1768336522081424,0.9099140830501822,0.5902079450384835,0.537038521118624
479,Mom_12 T_4 SMA_300,11.068878171646034,11.61764786330729,-0.1735962041266258,0.9527641310773011,0.6376221316205792,0.6075034961891377
