,Unnamed: 0,Close,Date,Ticker,Gain
0,0,11.18,1995-07-31,VEIEX,0.0
1,1,10.91,1995-08-31,VEIEX,0.0
2,2,10.93,1995-09-29,VEIEX,-0.022361359570661897
3,3,10.46,1995-10-31,VEIEX,-0.0412465627864344
4,4,10.5,1995-11-30,VEIEX,-0.03934126258005487
5,5,10.74,1995-12-29,VEIEX,0.026768642447418674
6,6,11.85,1996-01-31,VEIEX,0.12857142857142853
7,7,11.66,1996-02-29,VEIEX,0.08566108007448789
8,8,11.83,1996-03-29,VEIEX,-0.0016877637130801328
9,9,12.15,1996-04-30,VEIEX,0.04202401372212695
10,10,12.33,1996-05-31,VEIEX,0.042265426880811495
11,11,12.33,1996-06-28,VEIEX,0.014814814814814791
12,12,11.5,1996-07-31,VEIEX,-0.06731549067315491
13,13,11.86,1996-08-30,VEIEX,-0.03811841038118415
14,14,12.13,1996-09-30,VEIEX,0.05478260869565224
15,15,11.95,1996-10-31,VEIEX,0.007588532883642484
16,16,12.37,1996-11-29,VEIEX,0.01978565539983499
17,17,12.28,1996-12-31,VEIEX,0.027615062761506284
18,18,12.91,1997-01-31,VEIEX,0.04365400161681495
19,19,13.3,1997-02-28,VEIEX,0.08306188925081445
20,20,12.88,1997-03-31,VEIEX,-0.002323780015491817
21,21,12.67,1997-04-30,VEIEX,-0.047368421052631636
22,22,13.24,1997-05-30,VEIEX,0.027950310559006167
23,23,13.76,1997-06-30,VEIEX,0.08602999210734016
24,24,13.97,1997-07-31,VEIEX,0.055135951661631454
25,25,11.86,1997-08-29,VEIEX,-0.13808139534883723
26,26,12.48,1997-09-30,VEIEX,-0.10665712240515392
27,27,10.22,1997-10-31,VEIEX,-0.13827993254637427
28,28,10.08,1997-11-28,VEIEX,-0.19230769230769232
29,29,9.99,1997-12-31,VEIEX,-0.022504892367906107
30,30,9.18,1998-01-30,VEIEX,-0.08928571428571432
31,31,10.27,1998-02-27,VEIEX,0.028028028028027962
32,32,10.64,1998-03-31,VEIEX,0.1590413943355121
33,33,10.53,1998-04-30,VEIEX,0.02531645569620251
34,34,9.21,1998-05-29,VEIEX,-0.13439849624060146
35,35,8.35,1998-06-30,VEIEX,-0.20702754036087367
36,36,8.5,1998-07-31,VEIEX,-0.0770901194353964
37,37,6.28,1998-08-31,VEIEX,-0.2479041916167664
38,38,6.87,1998-09-30,VEIEX,-0.19176470588235292
39,39,7.93,1998-10-30,VEIEX,0.2627388535031846
40,40,8.43,1998-11-30,VEIEX,0.2270742358078602
41,41,7.91,1998-12-31,VEIEX,-0.002522068095838534
42,42,7.68,1999-01-29,VEIEX,-0.08896797153024912
43,43,7.85,1999-02-26,VEIEX,-0.007585335018963401
44,44,8.77,1999-03-31,VEIEX,0.14192708333333331
45,45,10.12,1999-04-30,VEIEX,0.28917197452229293
46,46,9.7,1999-05-28,VEIEX,0.10604332953249712
47,47,10.47,1999-06-30,VEIEX,0.03458498023715429
48,48,10.11,1999-07-30,VEIEX,0.04226804123711342
49,49,10.01,1999-08-31,VEIEX,-0.04393505253104115
50,50,9.96,1999-09-30,VEIEX,-0.01483679525222538
51,51,10.34,1999-10-29,VEIEX,0.032967032967032975
52,52,11.18,1999-11-30,VEIEX,0.1224899598393573
53,53,12.5,1999-12-31,VEIEX,0.2088974854932302
54,54,11.89,2000-01-31,VEIEX,0.06350626118067987
55,55,12.31,2000-02-29,VEIEX,-0.01519999999999996
56,56,12.19,2000-03-31,VEIEX,0.025231286795626487
57,57,11.28,2000-04-28,VEIEX,-0.08367181153533722
58,58,10.68,2000-05-31,VEIEX,-0.12387202625102542
59,59,11.34,2000-06-30,VEIEX,0.005319148936170257
60,60,10.76,2000-07-31,VEIEX,0.007490636704119857
61,61,10.93,2000-08-31,VEIEX,-0.0361552028218695
62,62,10.25,2000-09-29,VEIEX,-0.047397769516728604
63,63,9.47,2000-10-31,VEIEX,-0.13357731015553514
64,64,8.53,2000-11-30,VEIEX,-0.16780487804878055
65,65,8.84,2000-12-29,VEIEX,-0.06652587117212257
66,66,9.88,2001-01-31,VEIEX,0.15826494724501777
67,67,9.02,2001-02-28,VEIEX,0.020361990950226214
68,68,8.07,2001-03-30,VEIEX,-0.18319838056680166
69,69,8.82,2001-04-30,VEIEX,-0.022172949002217217
70,70,8.96,2001-05-31,VEIEX,0.11028500619578693
71,71,8.76,2001-06-29,VEIEX,-0.00680272108843543
72,72,8.17,2001-07-31,VEIEX,-0.08816964285714295
73,73,8.09,2001-08-31,VEIEX,-0.07648401826484018
74,74,6.83,2001-09-28,VEIEX,-0.16401468788249693
75,75,7.28,2001-10-31,VEIEX,-0.10012360939431392
76,76,7.96,2001-11-30,VEIEX,0.16544655929721813
77,77,8.37,2001-12-31,VEIEX,0.14972527472527458
78,78,8.61,2002-01-31,VEIEX,0.08165829145728637
79,79,8.84,2002-02-28,VEIEX,0.05615292712066914
80,80,9.24,2002-03-28,VEIEX,0.07317073170731717
81,81,9.27,2002-04-30,VEIEX,0.04864253393665155
82,82,9.23,2002-05-31,VEIEX,-0.001082251082251059
83,83,8.47,2002-06-28,VEIEX,-0.08629989212513474
84,84,7.75,2002-07-31,VEIEX,-0.16034669555796321
85,85,7.86,2002-08-30,VEIEX,-0.07201889020070841
86,86,7.02,2002-09-30,VEIEX,-0.09419354838709683
87,87,7.48,2002-10-31,VEIEX,-0.04834605597964375
88,88,7.96,2002-11-29,VEIEX,0.13390313390313396
89,89,7.63,2002-12-31,VEIEX,0.020053475935828804
90,90,7.64,2003-01-31,VEIEX,-0.04020100502512566
91,91,7.35,2003-02-28,VEIEX,-0.03669724770642205
92,92,7.2,2003-03-31,VEIEX,-0.05759162303664915
93,93,7.83,2003-04-30,VEIEX,0.06530612244897965
94,94,8.33,2003-05-30,VEIEX,0.15694444444444441
95,95,8.82,2003-06-30,VEIEX,0.12643678160919544
96,96,9.44,2003-07-31,VEIEX,0.13325330132052815
97,97,10.04,2003-08-29,VEIEX,0.13832199546485247
98,98,10.12,2003-09-30,VEIEX,0.07203389830508472
99,99,11.04,2003-10-31,VEIEX,0.09960159362549802
100,100,11.16,2003-11-28,VEIEX,0.10276679841897243
101,101,11.85,2003-12-31,VEIEX,0.07336956521739135
102,102,12.22,2004-01-30,VEIEX,0.09498207885304664
103,103,12.73,2004-02-27,VEIEX,0.0742616033755275
104,104,12.78,2004-03-31,VEIEX,0.04582651391162019
105,105,11.77,2004-04-30,VEIEX,-0.07541241162608019
106,106,11.67,2004-05-28,VEIEX,-0.08685446009389668
107,107,11.66,2004-06-30,VEIEX,-0.009345794392523317
108,108,11.45,2004-07-30,VEIEX,-0.01885175664095978
109,109,11.92,2004-08-31,VEIEX,0.022298456260720394
110,110,12.59,2004-09-30,VEIEX,0.09956331877729263
111,111,12.88,2004-10-29,VEIEX,0.08053691275167793
112,112,14.19,2004-11-30,VEIEX,0.12708498808578234
113,113,14.68,2004-12-31,VEIEX,0.13975155279503096
114,114,14.66,2005-01-31,VEIEX,0.03312191684284712
115,115,15.96,2005-02-28,VEIEX,0.0871934604904633
116,116,14.89,2005-03-31,VEIEX,0.01568894952251026
117,117,14.46,2005-04-29,VEIEX,-0.09398496240601503
118,118,14.95,2005-05-31,VEIEX,0.0040295500335794975
119,119,15.45,2005-06-30,VEIEX,0.06846473029045631
120,120,16.5,2005-07-29,VEIEX,0.10367892976588634
121,121,16.66,2005-08-31,VEIEX,0.07831715210355993
122,122,18.1,2005-09-30,VEIEX,0.09696969696969705
123,123,16.91,2005-10-31,VEIEX,0.015006002400960384
124,124,18.26,2005-11-30,VEIEX,0.00883977900552487
125,125,19.07,2005-12-30,VEIEX,0.1277350680070964
126,126,21.26,2006-01-31,VEIEX,0.16429353778751368
127,127,20.950001,2006-02-28,VEIEX,0.09858421604614578
128,128,21.200001,2006-03-31,VEIEX,-0.0028221542803387226
129,129,22.719999,2006-04-28,VEIEX,0.0844867740101779
130,130,20.280001,2006-05-31,VEIEX,-0.043396224368102705
131,131,20.24,2006-06-30,VEIEX,-0.10915489036773297
132,132,20.48,2006-07-31,VEIEX,0.00986188314290526
133,133,20.889999,2006-08-31,VEIEX,0.03211457509881429
134,134,21.049999,2006-09-29,VEIEX,0.027831982421874964
135,135,22.049999,2006-10-31,VEIEX,0.05552896388362681
136,136,23.690001,2006-11-30,VEIEX,0.1254157779294906
137,137,24.27,2006-12-29,VEIEX,0.10068032202631845
138,138,24.129999,2007-01-31,VEIEX,0.01857315244520263
139,139,23.82,2007-02-28,VEIEX,-0.01854140914709515
140,140,24.799999,2007-03-30,VEIEX,0.0277662672095427
141,141,25.85,2007-04-30,VEIEX,0.08522250209907645
142,142,27.389999,2007-05-31,VEIEX,0.10443548808207613
143,143,28.620001,2007-06-29,VEIEX,0.10715671179883934
144,144,29.860001,2007-07-31,VEIEX,0.09017897371956826
145,145,29.57,2007-08-31,VEIEX,0.03319353482901702
146,146,32.75,2007-09-28,VEIEX,0.09678495992012859
147,147,36.779999,2007-10-31,VEIEX,0.24382817044301644
148,148,33.84,2007-11-30,VEIEX,0.03328244274809171
149,149,33.119999,2007-12-31,VEIEX,-0.09951060629446991
150,150,29.450001,2008-01-31,VEIEX,-0.12972810283687952
151,151,30.82,2008-02-29,VEIEX,-0.06944441634795942
152,152,29.65,2008-03-31,VEIEX,0.006791137290623463
153,153,32.049999,2008-04-30,VEIEX,0.039909117456197254
154,154,32.630001,2008-05-30,VEIEX,0.1005059359190557
155,155,29.25,2008-06-30,VEIEX,-0.08736346606438271
156,156,28.030001,2008-07-31,VEIEX,-0.14097455896492314
157,157,25.85,2008-08-29,VEIEX,-0.11623931623931619
158,158,21.65,2008-09-30,VEIEX,-0.2276132990505423
159,159,15.66,2008-10-31,VEIEX,-0.3941972920696325
160,160,14.43,2008-11-28,VEIEX,-0.333487297921478
161,161,14.9,2008-12-31,VEIEX,-0.04853128991060024
162,162,13.68,2009-01-30,VEIEX,-0.05197505197505198
163,163,12.85,2009-02-27,VEIEX,-0.13758389261744972
164,164,14.91,2009-03-31,VEIEX,0.08991228070175442
165,165,17.309998999999998,2009-04-30,VEIEX,0.347081634241245
166,166,20.450001,2009-05-29,VEIEX,0.3715627766599598
167,167,20.0,2009-06-30,VEIEX,0.1554015687695882
168,168,22.309999,2009-07-31,VEIEX,0.09095344298516175
169,169,22.17,2009-08-31,VEIEX,0.10850000000000008
170,170,24.23,2009-09-30,VEIEX,0.08606011143254641
171,171,23.9,2009-10-30,VEIEX,0.07803337843933228
172,172,25.309999,2009-11-30,VEIEX,0.04457280231118452
173,173,25.91,2009-12-31,VEIEX,0.08410041841004191
174,174,24.280001,2010-01-29,VEIEX,-0.040695299908941225
175,175,24.540001,2010-02-26,VEIEX,-0.05287529911231185
176,176,26.540001,2010-03-31,VEIEX,0.09308072104280397
177,177,26.610001,2010-04-30,VEIEX,0.08435207480227895
178,178,24.129999,2010-05-28,VEIEX,-0.09080640200428021
179,179,24.120001,2010-06-30,VEIEX,-0.0935738409028997
180,180,26.35,2010-07-30,VEIEX,0.09200170294246592
181,181,25.76,2010-08-31,VEIEX,0.06799332222249921
182,182,28.639999,2010-09-30,VEIEX,0.08690698292220106
183,183,29.49,2010-10-29,VEIEX,0.1447981366459626
184,184,28.690001,2010-11-30,VEIEX,0.0017458799492276243
185,185,30.34,2010-12-31,VEIEX,0.02882332994235339
186,186,29.5,2011-01-31,VEIEX,0.028232797900564776
187,187,29.25,2011-02-28,VEIEX,-0.03592617007251153
188,188,30.879999,2011-03-31,VEIEX,0.04677962711864412
189,189,31.950001,2011-04-29,VEIEX,0.09230772649572651
190,190,31.049999,2011-05-31,VEIEX,0.005505181525426802
191,191,30.58,2011-06-30,VEIEX,-0.0428795291743497
192,192,30.33,2011-07-29,VEIEX,-0.023188374337789877
193,193,27.73,2011-08-31,VEIEX,-0.09319816873773702
194,194,23.25,2011-09-30,VEIEX,-0.23343224530168147
195,195,26.389999,2011-10-31,VEIEX,-0.04832315182113238
196,196,25.49,2011-11-30,VEIEX,0.0963440860215053
197,197,24.110001,2011-12-30,VEIEX,-0.08639628974597532
198,198,26.790001,2012-01-31,VEIEX,0.05100043154178116
199,199,28.280001,2012-02-29,VEIEX,0.17295727196361368
200,200,27.469999,2012-03-30,VEIEX,0.02538252984760998
201,201,26.99,2012-04-30,VEIEX,-0.045615309560986236
202,202,24.0,2012-05-31,VEIEX,-0.12631958960027634
203,203,25.16,2012-06-29,VEIEX,-0.0678028899592441
204,204,25.32,2012-07-31,VEIEX,0.055000000000000014
205,205,25.43,2012-08-31,VEIEX,0.01073131955484895
206,206,26.469999,2012-09-28,VEIEX,0.04541860189573464
207,207,26.360001,2012-10-31,VEIEX,0.036571018482107774
208,208,26.709999,2012-11-30,VEIEX,0.00906686849515931
209,209,28.01,2012-12-31,VEIEX,0.06259480035679821
210,210,28.18,2013-01-31,VEIEX,0.05503560670294297
211,211,27.690001,2013-02-28,VEIEX,-0.011424455551588818
212,212,27.23,2013-03-28,VEIEX,-0.033711852377572724
213,213,27.6,2013-04-30,VEIEX,-0.00325030685264321
214,214,26.57,2013-05-31,VEIEX,-0.02423797282409108
215,215,24.620001,2013-06-28,VEIEX,-0.10797097826086967
216,216,24.860001,2013-07-31,VEIEX,-0.06435826119683853
217,217,24.07,2013-08-30,VEIEX,-0.02233960104225821
218,218,25.59,2013-09-30,VEIEX,0.029364399462413513
219,219,26.780001,2013-10-31,VEIEX,0.11258832571665967
220,220,26.24,2013-11-29,VEIEX,0.025400547088706472
221,221,25.860001,2013-12-31,VEIEX,-0.03435399423622121
222,222,23.98,2014-01-31,VEIEX,-0.08612804878048773
223,223,24.799999,2014-02-28,VEIEX,-0.04099002161678187
224,224,25.700001,2014-03-31,VEIEX,0.07172648040033361
225,225,25.83,2014-04-30,VEIEX,0.04153230006178624
226,226,26.790001,2014-05-30,VEIEX,0.04241244971157783
227,227,27.34,2014-06-30,VEIEX,0.05845915602013169
228,228,27.74,2014-07-31,VEIEX,0.03546095425677656
229,229,28.73,2014-08-29,VEIEX,0.05084125822970009
230,230,26.41,2014-09-30,VEIEX,-0.047945205479452
231,231,27.02,2014-10-31,VEIEX,-0.05951966585450751
232,232,26.75,2014-11-28,VEIEX,0.012873911397198026
233,233,25.32,2014-12-31,VEIEX,-0.06291635825314579
234,234,25.49,2015-01-30,VEIEX,-0.047102803738317815
235,235,26.389999,2015-02-27,VEIEX,0.04225904423380724
236,236,25.809999,2015-03-31,VEIEX,0.01255390349156543
237,237,27.82,2015-04-30,VEIEX,0.05418723206469241
238,238,26.879999,2015-05-29,VEIEX,0.04145680129627282
239,239,26.01,2015-06-30,VEIEX,-0.06506110711718184
240,240,24.24,2015-07-31,VEIEX,-0.09821425216570889
241,241,21.98,2015-08-31,VEIEX,-0.1549404075355633
242,242,20.99,2015-09-30,VEIEX,-0.13407590759075907
243,243,22.16,2015-10-30,VEIEX,0.008189262966333016
244,244,21.440001,2015-11-30,VEIEX,0.0214388280133397
245,245,20.809999,2015-12-31,VEIEX,-0.06092062274368226
246,246,19.559999,2016-01-29,VEIEX,-0.08768665635789838
247,247,19.389999,2016-02-29,VEIEX,-0.0682364280747924
248,248,21.889999,2016-03-31,VEIEX,0.11912066048674123
249,249,22.059999,2016-04-29,VEIEX,0.13769985238266397
250,250,21.309999,2016-05-31,VEIEX,-0.02649611815879929
251,251,22.25,2016-06-30,VEIEX,0.008612919701401562
252,252,23.290001,2016-07-29,VEIEX,0.09291422303680065
253,253,23.68,2016-08-31,VEIEX,0.06426966292134831
254,254,23.700001,2016-09-30,VEIEX,0.01760412118488102
255,255,23.85,2016-10-31,VEIEX,0.0071790540540541264
256,256,22.809999,2016-11-30,VEIEX,-0.037552825419711965
257,257,22.68,2016-12-30,VEIEX,-0.04905660377358497
258,258,23.799999,2017-01-31,VEIEX,0.04340201856212262
259,259,24.58,2017-02-28,VEIEX,0.08377425044091705
260,260,25.1,2017-03-31,VEIEX,0.05462189305134012
261,261,25.450001,2017-04-28,VEIEX,0.035394670463791786
262,262,25.76,2017-05-31,VEIEX,0.02629482071713148
263,263,25.809999,2017-06-30,VEIEX,0.014145303962856463
264,264,27.18,2017-07-31,VEIEX,0.055124223602484396
265,265,28.02,2017-08-31,VEIEX,0.0856257685248263
266,266,27.49,2017-09-29,VEIEX,0.011405445180279571
267,267,28.16,2017-10-31,VEIEX,0.004996431120628143
268,268,28.209999,2017-11-30,VEIEX,0.026191305929428935
269,269,29.08,2017-12-29,VEIEX,0.03267045454545448
270,270,31.52,2018-01-31,VEIEX,0.11733431823234024
271,271,30.030001,2018-02-28,VEIEX,0.032668535075653385
272,272,29.629999,2018-03-29,VEIEX,-0.059961960659898415
273,273,29.01,2018-04-30,VEIEX,-0.03396606613499604
274,274,14.1,1995-07-31,VEURX,0.0
275,275,13.54,1995-08-31,VEURX,0.0
276,276,13.95,1995-09-29,VEURX,-0.010638297872340451
277,277,13.87,1995-10-31,VEURX,0.02437223042836042
278,278,13.95,1995-11-30,VEURX,0.0
279,279,14.02,1995-12-29,VEURX,0.010814708002883948
280,280,14.1,1996-01-31,VEURX,0.010752688172043038
281,281,14.34,1996-02-29,VEURX,0.02282453637660487
282,282,14.52,1996-03-29,VEURX,0.029787234042553186
283,283,14.61,1996-04-30,VEURX,0.018828451882845158
284,284,14.78,1996-05-31,VEURX,0.017906336088154257
285,285,14.98,1996-06-28,VEURX,0.025325119780972006
286,286,14.8,1996-07-31,VEURX,0.001353179972936492
287,287,15.24,1996-08-30,VEURX,0.01735647530040052
288,288,15.54,1996-09-30,VEURX,0.04999999999999989
289,289,15.88,1996-10-31,VEURX,0.04199475065616801
290,290,16.66,1996-11-29,VEURX,0.07207207207207214
291,291,16.57,1996-12-31,VEURX,0.043450881612090646
292,292,16.6,1997-01-31,VEURX,-0.0036014405762304154
293,293,16.809998999999998,1997-02-28,VEURX,0.01448394689197329
294,294,17.35,1997-03-31,VEURX,0.04518072289156626
295,295,17.27,1997-04-30,VEURX,0.027364725006824922
296,296,18.059999,1997-05-30,VEURX,0.040922132564841486
297,297,19.01,1997-06-30,VEURX,0.10075275043427921
298,298,19.9,1997-07-31,VEURX,0.10188267452285003
299,299,18.77,1997-08-29,VEURX,-0.012624934245134244
300,300,20.59,1997-09-30,VEURX,0.034673366834170924
301,301,19.57,1997-10-31,VEURX,0.04262120404901442
302,302,19.84,1997-11-28,VEURX,-0.036425449247207385
303,303,20.129999,1997-12-31,VEURX,0.028615176290240227
304,304,20.969999,1998-01-30,VEURX,0.056955594758064595
305,305,22.6,1998-02-27,VEURX,0.12270248995044658
306,306,24.17,1998-03-31,VEURX,0.1525990058463999
307,307,24.629999,1998-04-30,VEURX,0.08982296460176992
308,308,25.23,1998-05-29,VEURX,0.043856019859329694
309,309,25.530001,1998-06-30,VEURX,0.0365408865830647
310,310,26.02,1998-07-31,VEURX,0.03131193024177563
311,311,22.77,1998-08-31,VEURX,-0.10810814304315927
312,312,21.85,1998-09-30,VEURX,-0.16026133743274398
313,313,23.559999,1998-10-30,VEURX,0.03469472990777346
314,314,24.83,1998-11-30,VEURX,0.13638443935926758
315,315,25.280001,1998-12-31,VEURX,0.07300518136694306
316,316,25.09,1999-01-29,VEURX,0.010471204188481738
317,317,24.42,1999-02-26,VEURX,-0.03401902555304476
318,318,24.74,1999-03-31,VEURX,-0.013949780789159084
319,319,25.51,1999-04-30,VEURX,0.04463554463554463
320,320,24.26,1999-05-28,VEURX,-0.01940177849636204
321,321,24.809999,1999-06-30,VEURX,-0.027440258722069788
322,322,25.02,1999-07-30,VEURX,0.03132728771640552
323,323,25.290001,1999-08-31,VEURX,0.01934711887735259
324,324,25.08,1999-09-30,VEURX,0.0023980815347721313
325,325,25.99,1999-10-29,VEURX,0.02767888384029713
326,326,26.76,1999-11-30,VEURX,0.0669856459330145
327,327,28.83,1999-12-31,VEURX,0.10927279722970373
328,328,26.76,2000-01-31,VEURX,0.0
329,329,28.190001,2000-02-29,VEURX,-0.02219906347554629
330,330,28.82,2000-03-31,VEURX,0.0769805680119581
331,331,27.57,2000-04-28,VEURX,-0.021993649450384855
332,332,27.41,2000-05-31,VEURX,-0.04892435808466343
333,333,28.030001,2000-06-30,VEURX,0.016684838592673133
334,334,27.559999,2000-07-31,VEURX,0.005472418825246301
335,335,27.26,2000-08-31,VEURX,-0.02747060194539405
336,336,25.940001,2000-09-29,VEURX,-0.058780771363598466
337,337,25.74,2000-10-31,VEURX,-0.05575935436537062
338,338,24.719999,2000-11-30,VEURX,-0.04703168669885546
339,339,25.99,2000-12-29,VEURX,0.009712509712509714
340,340,25.99,2001-01-31,VEURX,0.05137544706211343
341,341,23.709999,2001-02-28,VEURX,-0.08772608695652169
342,342,21.92,2001-03-30,VEURX,-0.15659869180454009
343,343,23.48,2001-04-30,VEURX,-0.009700506524694471
344,344,22.35,2001-05-31,VEURX,0.01961678832116787
345,345,21.51,2001-06-29,VEURX,-0.0839011925042589
346,346,21.57,2001-07-31,VEURX,-0.03489932885906045
347,347,21.01,2001-08-31,VEURX,-0.02324500232450023
348,348,18.91,2001-09-28,VEURX,-0.12331942512749189
349,349,19.5,2001-10-31,VEURX,-0.0718705378391243
350,350,20.18,2001-11-30,VEURX,0.06716023268112108
351,351,20.25,2001-12-31,VEURX,0.038461538461538464
352,352,19.219999,2002-01-31,VEURX,-0.047571902874132724
353,353,19.219999,2002-02-28,VEURX,-0.05086424691358018
354,354,20.26,2002-03-28,VEURX,0.05411035661344207
355,355,20.110001,2002-04-30,VEURX,0.0463060377890758
356,356,20.129999,2002-05-31,VEURX,-0.006416633761105628
357,357,19.440001,2002-06-28,VEURX,-0.033316756175198685
358,358,17.280001000000002,2002-07-31,VEURX,-0.14157963942273416
359,359,17.27,2002-08-30,VEURX,-0.11162556010156581
360,360,15.0,2002-09-30,VEURX,-0.13194449467913816
361,361,16.440001000000002,2002-10-31,VEURX,-0.04806016213086261
362,362,17.09,2002-11-29,VEURX,0.13933333333333334
363,363,16.209999,2002-12-31,VEURX,-0.013990388443407178
364,364,15.45,2003-01-31,VEURX,-0.09596255119953193
365,365,14.94,2003-02-28,VEURX,-0.07834664271108224
366,366,14.71,2003-03-31,VEURX,-0.04789644012944974
367,367,16.700001,2003-04-30,VEURX,0.11780461847389564
368,368,17.809998999999994,2003-05-30,VEURX,0.21074092454112803
369,369,17.99,2003-06-30,VEURX,0.07724544447632058
370,370,18.35,2003-07-31,VEURX,0.030320102769236957
371,371,18.32,2003-08-29,VEURX,0.01834352418010016
372,372,18.690001,2003-09-30,VEURX,0.018528664850136094
373,373,19.93,2003-10-31,VEURX,0.08788209606986896
374,374,20.780001,2003-11-28,VEURX,0.11182449909981278
375,375,22.0,2003-12-31,VEURX,0.10386352232814854
376,376,22.25,2004-01-30,VEURX,0.0707410456813742
377,377,22.9,2004-02-27,VEURX,0.040909090909090846
378,378,22.18,2004-03-31,VEURX,-0.0031460674157303497
379,379,22.0,2004-04-30,VEURX,-0.03930131004366806
380,380,22.33,2004-05-28,VEURX,0.00676284941388632
381,381,22.68,2004-06-30,VEURX,0.030909090909090896
382,382,22.059999,2004-07-30,VEURX,-0.012091401701746399
383,383,22.07,2004-08-31,VEURX,-0.026895943562610203
384,384,22.950001,2004-09-30,VEURX,0.0403446074498915
385,385,23.77,2004-10-29,VEURX,0.0770276393294064
386,386,25.51,2004-11-30,VEURX,0.11154679252519428
387,387,25.99,2004-12-31,VEURX,0.09339503575936049
388,388,25.5,2005-01-31,VEURX,-0.00039200313602514946
389,389,26.75,2005-02-28,VEURX,0.029242016160061623
390,390,26.09,2005-03-31,VEURX,0.02313725490196078
391,391,25.57,2005-04-29,VEURX,-0.04411214953271027
392,392,25.549999,2005-05-31,VEURX,-0.020697623610578773
393,393,25.799999,2005-06-30,VEURX,0.008994876808760242
394,394,26.780001,2005-07-29,VEURX,0.04814098035776827
395,395,27.309999,2005-08-31,VEURX,0.05852713405143937
396,396,27.9,2005-09-30,VEURX,0.04182221651149304
397,397,27.0,2005-10-31,VEURX,-0.011351117222670027
398,398,27.35,2005-11-30,VEURX,-0.019713261648745418
399,399,27.700001,2005-12-30,VEURX,0.025925962962962974
400,400,29.530001,2006-01-31,VEURX,0.07970753199268728
401,401,29.52,2006-02-28,VEURX,0.06570393264606739
402,402,30.629999,2006-03-31,VEURX,0.03725018498983468
403,403,32.209999,2006-04-28,VEURX,0.09112462737127384
404,404,31.42,2006-05-31,VEURX,0.0257917409661032
405,405,31.450001,2006-06-30,VEURX,-0.023595095423629257
406,406,32.0,2006-07-31,VEURX,0.018459579885423242
407,407,32.98,2006-08-31,VEURX,0.04864861530529034
408,408,33.240002000000004,2006-09-29,VEURX,0.038750062500000126
409,409,34.669998,2006-10-31,VEURX,0.051243117040630774
410,410,35.99000200000001,2006-11-30,VEURX,0.08273164363828879
411,411,36.040001,2006-12-29,VEURX,0.03951552001820124
412,412,36.48,2007-01-31,VEURX,0.013614836698258187
413,413,36.119999,2007-02-28,VEURX,0.0022197002713735593
414,414,37.52,2007-03-30,VEURX,0.028508771929824737
415,415,39.669998,2007-04-30,VEURX,0.09828347448182376
416,416,40.669998,2007-05-31,VEURX,0.08395517057569286
417,417,40.549999,2007-06-29,VEURX,0.022183036157450778
418,418,39.389999,2007-07-31,VEURX,-0.031472807055461294
419,419,39.360001,2007-08-31,VEURX,-0.02934643722186042
420,420,41.419998,2007-09-28,VEURX,0.05153589874424715
421,421,43.43,2007-10-31,VEURX,0.10340444351106605
422,422,41.82,2007-11-30,VEURX,0.009657219201217745
423,423,39.779999,2007-12-31,VEURX,-0.08404331107529366
424,424,36.150002,2008-01-31,VEURX,-0.1355810138689622
425,425,36.040001,2008-02-29,VEURX,-0.09401704610399815
426,426,36.380001,2008-03-31,VEURX,0.006362350961972268
427,427,37.990002,2008-04-30,VEURX,0.054106574525344786
428,428,38.419998,2008-05-30,VEURX,0.056074682350888326
429,429,34.889999,2008-06-30,VEURX,-0.08160049583571999
430,430,33.82,2008-07-31,VEURX,-0.11972926182869659
431,431,32.490002000000004,2008-08-29,VEURX,-0.06878753421575044
432,432,28.110001,2008-09-30,VEURX,-0.16883497930218805
433,433,21.99,2008-10-31,VEURX,-0.3231764036210279
434,434,20.459999,2008-11-28,VEURX,-0.27214520554446087
435,435,20.41,2008-12-31,VEURX,-0.07185084129149606
436,436,17.610001,2009-01-30,VEURX,-0.13929609673978965
437,437,15.75,2009-02-27,VEURX,-0.22831945124938757
438,438,16.98,2009-03-31,VEURX,-0.035775182522704
439,439,19.219999,2009-04-30,VEURX,0.22031739682539692
440,440,21.92,2009-05-29,VEURX,0.2909305064782097
441,441,21.450001,2009-06-30,VEURX,0.11602508408038932
442,442,23.76,2009-07-31,VEURX,0.08394160583941604
443,443,25.049999,2009-08-31,VEURX,0.1678320667677358
444,444,26.33,2009-09-30,VEURX,0.10816498316498302
445,445,25.77,2009-10-30,VEURX,0.028742556037626984
446,446,26.799999,2009-11-30,VEURX,0.01785032282567419
447,447,25.940001,2009-12-31,VEURX,0.006596856810244438
448,448,24.309999,2010-01-29,VEURX,-0.09291045122800186
449,449,24.049999,2010-02-26,VEURX,-0.07286052147800608
450,450,25.58,2010-03-31,VEURX,0.05224191905561152
451,451,24.84,2010-04-30,VEURX,0.03284827579410711
452,452,21.799999,2010-05-28,VEURX,-0.14777173573103983
453,453,21.559999,2010-06-30,VEURX,-0.13204512882447658
454,454,24.34,2010-07-30,VEURX,0.11651381268411985
455,455,23.290001,2010-08-31,VEURX,0.08024128387018936
456,456,25.940001,2010-09-30,VEURX,0.0657354560394412
457,457,27.15,2010-10-29,VEURX,0.16573631748663292
458,458,24.98,2010-11-30,VEURX,-0.0370085182340586
459,459,26.200001,2010-12-31,VEURX,-0.03499075506445666
460,460,27.120001,2011-01-31,VEURX,0.08566857485988782
461,461,28.040001,2011-02-28,VEURX,0.07022900495309141
462,462,27.780001,2011-03-31,VEURX,0.024336282288485174
463,463,30.059999,2011-04-29,VEURX,0.07203986904280071
464,464,29.15,2011-05-31,VEURX,0.04931601694326793
465,465,28.549999,2011-06-30,VEURX,-0.05023286926922391
466,466,27.49,2011-07-29,VEURX,-0.05694682675814752
467,467,24.719999,2011-08-31,VEURX,-0.13415061765851544
468,468,21.879999,2011-09-30,VEURX,-0.20407424518006537
469,469,24.48,2011-10-31,VEURX,-0.009708697803749949
470,470,23.67,2011-11-30,VEURX,0.08180992147211708
471,471,22.16,2011-12-30,VEURX,-0.09477124183006537
472,472,23.34,2012-01-31,VEURX,-0.013941698352344817
473,473,24.65,2012-02-29,VEURX,0.11236462093862809
474,474,24.690001,2012-03-30,VEURX,0.057840659811482384
475,475,24.110001,2012-04-30,VEURX,-0.02190665314401615
476,476,21.23,2012-05-31,VEURX,-0.1401377424002534
477,477,22.870001,2012-06-29,VEURX,-0.05143093938486365
478,478,23.030001,2012-07-31,VEURX,0.08478572774375874
479,479,24.059999,2012-08-31,VEURX,0.05203314158141064
480,480,24.299999,2012-09-28,VEURX,0.05514537320254572
481,481,24.690001,2012-10-31,VEURX,0.026184622867191202
482,482,25.299999,2012-11-30,VEURX,0.04115226506799445
483,483,26.0,2012-12-31,VEURX,0.05305787553431048
484,484,27.309999,2013-01-31,VEURX,0.07944664345638913
485,485,26.440001,2013-02-28,VEURX,0.016923115384615335
486,486,26.41,2013-03-28,VEURX,-0.032954926142619086
487,487,27.549999,2013-04-30,VEURX,0.04198176845757309
488,488,27.549999,2013-05-31,VEURX,0.043165429761453974
489,489,25.879999,2013-06-28,VEURX,-0.06061706209136335
490,490,27.790001,2013-07-31,VEURX,0.008711506668294271
491,491,27.43,2013-08-30,VEURX,0.059891849300303224
492,492,29.219999,2013-09-30,VEURX,0.051457284942163235
493,493,30.42,2013-10-31,VEURX,0.10900473933649296
494,494,30.76,2013-11-29,VEURX,0.05270366367911238
495,495,31.440001,2013-12-31,VEURX,0.03353060486522015
496,496,30.17,2014-01-31,VEURX,-0.019180754226267874
497,497,32.34,2014-02-28,VEURX,0.028625921481363968
498,498,31.65,2014-03-31,VEURX,0.04905535299966844
499,499,32.459999,2014-04-30,VEURX,0.0037105442176870733
500,500,32.709999,2014-05-30,VEURX,0.033491279620853236
501,501,32.189999,2014-06-30,VEURX,-0.008317930015956041
502,502,30.870001,2014-07-31,VEURX,-0.05625185130699652
503,503,31.059999,2014-08-29,VEURX,-0.03510407067735538
504,504,29.690001,2014-09-30,VEURX,-0.03822481249676667
505,505,29.049999,2014-10-31,VEURX,-0.06471345990706573
506,506,29.67,2014-11-28,VEURX,-0.0006736611426856149
507,507,28.190001,2014-12-31,VEURX,-0.02960406298120702
508,508,28.299999,2015-01-30,VEURX,-0.04617462082912039
509,509,30.02,2015-02-27,VEURX,0.06491659932896068
510,510,29.129999,2015-03-31,VEURX,0.029328622944474376
511,511,30.360001,2015-04-30,VEURX,0.011325816122584972
512,512,30.41,2015-05-29,VEURX,0.043940990179917226
513,513,28.98,2015-06-30,VEURX,-0.04545457689543554
514,514,29.709999,2015-07-31,VEURX,-0.02301877671818482
515,515,27.620001,2015-08-31,VEURX,-0.046928881987577706
516,516,26.379999,2015-09-30,VEURX,-0.11208347735050406
517,517,27.98,2015-10-30,VEURX,0.01303399663164393
518,518,27.620001,2015-11-30,VEURX,0.0470053846476642
519,519,26.85,2015-12-31,VEURX,-0.040385989992852
520,520,25.27,2016-01-29,VEURX,-0.08508330611573833
521,521,24.559999,2016-02-29,VEURX,-0.08528867783985103
522,522,26.059999,2016-03-31,VEURX,0.03126232686980616
523,523,26.799999,2016-04-29,VEURX,0.0912052154399517
524,524,26.65,2016-05-31,VEURX,0.022640100638530235
525,525,24.99,2016-06-30,VEURX,-0.06753727863945075
526,526,25.950001,2016-07-29,VEURX,-0.026266378986866727
527,527,26.139999,2016-08-31,VEURX,0.04601836734693882
528,528,26.16,2016-09-30,VEURX,0.008092446701639812
529,529,25.27,2016-10-31,VEURX,-0.03328228895494602
530,530,24.690001,2016-11-30,VEURX,-0.05619262232415907
531,531,25.75,2016-12-30,VEURX,0.01899485555995253
532,532,26.5,2017-01-31,VEURX,0.07330898852535492
533,533,26.67,2017-02-28,VEURX,0.03572815533980589
534,534,27.65,2017-03-31,VEURX,0.04339622641509429
535,535,28.790001,2017-04-28,VEURX,0.07949010123734528
536,536,30.17,2017-05-31,VEURX,0.09113924050632922
537,537,29.530001,2017-06-30,VEURX,0.025703368332637377
538,538,30.42,2017-07-31,VEURX,0.008286377195889956
539,539,30.459999,2017-08-31,VEURX,0.031493327751665204
540,540,31.309999,2017-09-29,VEURX,0.02925703484549637
541,541,31.440001,2017-10-31,VEURX,0.03217340880411713
542,542,31.48,2017-11-30,VEURX,0.005429607327678266
543,543,31.780001,2017-12-29,VEURX,0.010814249019903016
544,544,33.529999,2018-01-31,VEURX,0.0651206797966962
545,545,31.48,2018-02-28,VEURX,-0.00943993047703171
546,546,31.23,2018-03-29,VEURX,-0.06859526002371776
547,547,31.92,2018-04-30,VEURX,0.01397712833545112
548,548,10.18,1995-07-31,VFISX,0.0
549,549,10.19,1995-08-31,VFISX,0.0
550,550,10.2,1995-09-29,VFISX,0.001964636542239644
551,551,10.24,1995-10-31,VFISX,0.004906771344455418
552,552,10.29,1995-11-30,VFISX,0.008823529411764692
553,553,10.32,1995-12-29,VFISX,0.007812500000000007
554,554,10.36,1996-01-31,VFISX,0.0068027210884354025
555,555,10.24,1996-02-29,VFISX,-0.007751937984496131
556,556,10.17,1996-03-29,VFISX,-0.018339768339768293
557,557,10.1,1996-04-30,VFISX,-0.013671875000000056
558,558,10.06,1996-05-31,VFISX,-0.010816125860373593
559,559,10.1,1996-06-28,VFISX,0.0
560,560,10.08,1996-07-31,VFISX,0.0019880715705764985
561,561,10.06,1996-08-30,VFISX,-0.003960396039603876
562,562,10.11,1996-09-30,VFISX,0.0029761904761904127
563,563,10.19,1996-10-31,VFISX,0.012922465208747416
564,564,10.23,1996-11-29,VFISX,0.011869436201780515
565,565,10.17,1996-12-31,VFISX,-0.0019627085377820976
566,566,10.16,1997-01-31,VFISX,-0.00684261974584558
567,567,10.13,1997-02-28,VFISX,-0.0039331366764994245
568,568,10.06,1997-03-31,VFISX,-0.009842519685039335
569,569,10.1,1997-04-30,VFISX,-0.0029615004935835275
570,570,10.12,1997-05-30,VFISX,0.005964214711729495
571,571,10.14,1997-06-30,VFISX,0.003960396039604052
572,572,10.21,1997-07-31,VFISX,0.00889328063241123
573,573,10.16,1997-08-29,VFISX,0.001972386587771161
574,574,10.19,1997-09-30,VFISX,-0.001958863858961934
575,575,10.22,1997-10-31,VFISX,0.0059055118110236705
576,576,10.19,1997-11-28,VFISX,0.0
577,577,10.21,1997-12-31,VFISX,-0.0009784735812132864
578,578,10.27,1998-01-30,VFISX,0.007850834151128566
579,579,10.22,1998-02-27,VFISX,0.00097943192948088
580,580,10.21,1998-03-31,VFISX,-0.005842259006815845
581,581,10.22,1998-04-30,VFISX,0.0
582,582,10.23,1998-05-29,VFISX,0.00195886385896176
583,583,10.24,1998-06-30,VFISX,0.0019569471624265727
584,584,10.23,1998-07-31,VFISX,0.0
585,585,10.35,1998-08-31,VFISX,0.010742187499999944
586,586,10.49,1998-09-30,VFISX,0.025415444770283457
587,587,10.47,1998-10-30,VFISX,0.011594202898550822
588,588,10.41,1998-11-30,VFISX,-0.007626310772163972
589,589,10.37,1998-12-31,VFISX,-0.009551098376313412
590,590,10.37,1999-01-29,VFISX,-0.0038424591738713664
591,591,10.24,1999-02-26,VFISX,-0.012536162005785827
592,592,10.25,1999-03-31,VFISX,-0.011571841851494622
593,593,10.24,1999-04-30,VFISX,0.0
594,594,10.16,1999-05-28,VFISX,-0.008780487804878036
595,595,10.13,1999-06-30,VFISX,-0.010742187499999944
596,596,10.1,1999-07-30,VFISX,-0.0059055118110236705
597,597,10.07,1999-08-31,VFISX,-0.00592300098716688
598,598,10.11,1999-09-30,VFISX,0.000990099009900969
599,599,10.09,1999-10-29,VFISX,0.001986097318768577
600,600,10.06,1999-11-30,VFISX,-0.004945598417408401
601,601,10.01,1999-12-31,VFISX,-0.007928642220019828
602,602,9.94,2000-01-31,VFISX,-0.011928429423459343
603,603,9.97,2000-02-29,VFISX,-0.003996003996003911
604,604,9.99,2000-03-31,VFISX,0.005030181086519187
605,605,9.96,2000-04-28,VFISX,-0.0010030090270812223
606,606,9.94,2000-05-31,VFISX,-0.005005005005005076
607,607,10.02,2000-06-30,VFISX,0.00602409638554204
608,608,10.03,2000-07-31,VFISX,0.009054325955734393
609,609,10.07,2000-08-31,VFISX,0.0049900199600799115
610,610,10.1,2000-09-29,VFISX,0.006979062811565333
611,611,10.11,2000-10-31,VFISX,0.003972194637537154
612,612,10.18,2000-11-30,VFISX,0.007920792079207928
613,613,10.27,2000-12-29,VFISX,0.015825914935707234
614,614,10.35,2001-01-31,VFISX,0.016699410609037322
615,615,10.39,2001-02-28,VFISX,0.011684518013632034
616,616,10.42,2001-03-30,VFISX,0.006763285024154617
617,617,10.38,2001-04-30,VFISX,-0.0009624639076034443
618,618,10.38,2001-05-31,VFISX,-0.0038387715930901295
619,619,10.37,2001-06-29,VFISX,-0.0009633911368016919
620,620,10.47,2001-07-31,VFISX,0.008670520231213858
621,621,10.51,2001-08-31,VFISX,0.013500482160077201
622,622,10.65,2001-09-28,VFISX,0.01719197707736387
623,623,10.73,2001-10-31,VFISX,0.020932445290199872
624,624,10.6,2001-11-30,VFISX,-0.004694835680751241
625,625,10.53,2001-12-31,VFISX,-0.01863932898415667
626,626,10.54,2002-01-31,VFISX,-0.005660377358490613
627,627,10.58,2002-02-28,VFISX,0.0047483380816714825
628,628,10.44,2002-03-28,VFISX,-0.009487666034155564
629,629,10.56,2002-04-30,VFISX,-0.0018903591682419257
630,630,10.58,2002-05-31,VFISX,0.01340996168582381
631,631,10.64,2002-06-28,VFISX,0.007575757575757582
632,632,10.77,2002-07-31,VFISX,0.01795841209829863
633,633,10.83,2002-08-30,VFISX,0.01785714285714281
634,634,10.93,2002-09-30,VFISX,0.01485608170844941
635,635,10.9,2002-10-31,VFISX,0.006463527239150534
636,636,10.79,2002-11-29,VFISX,-0.01280878316559932
637,637,10.83,2002-12-31,VFISX,-0.006422018348623879
638,638,10.79,2003-01-31,VFISX,0.0
639,639,10.85,2003-02-28,VFISX,0.0018467220683286772
640,640,10.75,2003-03-31,VFISX,-0.0037071362372566403
641,641,10.74,2003-04-30,VFISX,-0.010138248847926214
642,642,10.82,2003-05-30,VFISX,0.0065116279069767705
643,643,10.81,2003-06-30,VFISX,0.006517690875232801
644,644,10.69,2003-07-31,VFISX,-0.012014787430683991
645,645,10.67,2003-08-29,VFISX,-0.012950971322849265
646,646,10.77,2003-09-30,VFISX,0.00748362956033677
647,647,10.71,2003-10-31,VFISX,0.0037488284910966187
648,648,10.68,2003-11-28,VFISX,-0.008356545961002772
649,649,10.64,2003-12-31,VFISX,-0.006535947712418327
650,650,10.64,2004-01-30,VFISX,-0.0037453183520598453
651,651,10.68,2004-02-27,VFISX,0.003759398496240521
652,652,10.7,2004-03-31,VFISX,0.005639097744360781
653,653,10.55,2004-04-30,VFISX,-0.012172284644194663
654,654,10.51,2004-05-28,VFISX,-0.01775700934579435
655,655,10.49,2004-06-30,VFISX,-0.005687203791469241
656,656,10.5,2004-07-30,VFISX,-0.0009514747859181529
657,657,10.56,2004-08-31,VFISX,0.006673021925643497
658,658,10.54,2004-09-30,VFISX,0.0038095238095237284
659,659,10.55,2004-10-29,VFISX,-0.0009469696969696767
660,660,10.46,2004-11-30,VFISX,-0.007590132827324317
661,661,10.47,2004-12-31,VFISX,-0.007582938388625599
662,662,10.45,2005-01-31,VFISX,-0.0009560229445508186
663,663,10.39,2005-02-28,VFISX,-0.0076408787010506275
664,664,10.36,2005-03-31,VFISX,-0.008612440191387547
665,665,10.41,2005-04-29,VFISX,0.0019249278152068886
666,666,10.43,2005-05-31,VFISX,0.006756756756756785
667,667,10.43,2005-06-30,VFISX,0.0019212295869355978
668,668,10.36,2005-07-29,VFISX,-0.006711409395973182
669,669,10.41,2005-08-31,VFISX,-0.0019175455417065747
670,670,10.35,2005-09-30,VFISX,-0.0009652509652509448
671,671,10.31,2005-10-31,VFISX,-0.00960614793467816
672,672,10.32,2005-11-30,VFISX,-0.0028985507246376196
673,673,10.33,2005-12-30,VFISX,0.0019398642095052932
674,674,10.31,2006-01-31,VFISX,-0.0009689922480619948
675,675,10.28,2006-02-28,VFISX,-0.004840271055179159
676,676,10.25,2006-03-31,VFISX,-0.005819592628516052
677,677,10.25,2006-04-28,VFISX,-0.0029182879377431287
678,678,10.22,2006-05-31,VFISX,-0.0029268292682926205
679,679,10.21,2006-06-30,VFISX,-0.0039024390243901606
680,680,10.25,2006-07-31,VFISX,0.002935420743639859
681,681,10.29,2006-08-31,VFISX,0.00783545543584704
682,682,10.31,2006-09-29,VFISX,0.005853658536585414
683,683,10.32,2006-10-31,VFISX,0.0029154518950438423
684,684,10.34,2006-11-30,VFISX,0.0029097963142579396
685,685,10.28,2006-12-29,VFISX,-0.0038759689922481513
686,686,10.26,2007-01-31,VFISX,-0.00773694390715668
687,687,10.32,2007-02-28,VFISX,0.003891050583657678
688,688,10.31,2007-03-30,VFISX,0.004873294346978627
689,689,10.32,2007-04-30,VFISX,0.0
690,690,10.24,2007-05-31,VFISX,-0.006789524733268698
691,691,10.24,2007-06-29,VFISX,-0.007751937984496131
692,692,10.31,2007-07-31,VFISX,0.006835937500000028
693,693,10.39,2007-08-31,VFISX,0.014648437500000035
694,694,10.43,2007-09-28,VFISX,0.011639185257031932
695,695,10.44,2007-10-31,VFISX,0.004812319538017222
696,696,10.63,2007-11-30,VFISX,0.019175455417066258
697,697,10.62,2007-12-31,VFISX,0.0172413793103448
698,698,10.8,2008-01-31,VFISX,0.015992474129821254
699,699,10.89,2008-02-29,VFISX,0.025423728813559452
700,700,10.87,2008-03-31,VFISX,0.0064814814814813425
701,701,10.74,2008-04-30,VFISX,-0.013774104683195624
702,702,10.66,2008-05-30,VFISX,-0.01931922723091068
703,703,10.67,2008-06-30,VFISX,-0.006517690875232801
704,704,10.7,2008-07-31,VFISX,0.0037523452157597697
705,705,10.73,2008-08-29,VFISX,0.0056232427366448455
706,706,10.76,2008-09-30,VFISX,0.005607476635514066
707,707,10.79,2008-10-31,VFISX,0.005591798695246852
708,708,10.88,2008-11-28,VFISX,0.011152416356877417
709,709,10.92,2008-12-31,VFISX,0.01204819277108441
710,710,10.89,2009-01-30,VFISX,0.0009191176470588039
711,711,10.87,2009-02-27,VFISX,-0.004578754578754644
712,712,10.86,2009-03-31,VFISX,-0.0027548209366392226
713,713,10.82,2009-04-30,VFISX,-0.004599816007359608
714,714,10.83,2009-05-29,VFISX,-0.0027624309392264607
715,715,10.8,2009-06-30,VFISX,-0.0018484288354897942
716,716,10.81,2009-07-31,VFISX,-0.0018467220683286772
717,717,10.83,2009-08-31,VFISX,0.0027777777777777185
718,718,10.85,2009-09-30,VFISX,0.003700277520813982
719,719,10.86,2009-10-30,VFISX,0.002770083102493016
720,720,10.94,2009-11-30,VFISX,0.008294930875576024
721,721,10.72,2009-12-31,VFISX,-0.01289134438305698
722,722,10.81,2010-01-29,VFISX,-0.011882998171846345
723,723,10.82,2010-02-26,VFISX,0.00932835820895519
724,724,10.72,2010-03-31,VFISX,-0.008325624421831624
725,725,10.75,2010-04-30,VFISX,-0.006469500924214444
726,726,10.79,2010-05-28,VFISX,0.006529850746268517
727,727,10.84,2010-06-30,VFISX,0.0083720930232558
728,728,10.87,2010-07-30,VFISX,0.007414272474513445
729,729,10.9,2010-08-31,VFISX,0.005535055350553551
730,730,10.91,2010-09-30,VFISX,0.00367985280588785
731,731,10.93,2010-10-29,VFISX,0.0027522935779815925
732,732,10.89,2010-11-30,VFISX,-0.001833180568285937
733,733,10.68,2010-12-31,VFISX,-0.022872827081427266
734,734,10.7,2011-01-31,VFISX,-0.0174471992653812
735,735,10.67,2011-02-28,VFISX,-0.0009363295880149613
736,736,10.65,2011-03-31,VFISX,-0.004672897196261583
737,737,10.72,2011-04-29,VFISX,0.004686035613870732
738,738,10.77,2011-05-31,VFISX,0.011267605633802743
739,739,10.76,2011-06-30,VFISX,0.0037313432835820097
740,740,10.81,2011-07-29,VFISX,0.003714020427112435
741,741,10.86,2011-08-31,VFISX,0.009293680297397737
742,742,10.83,2011-09-30,VFISX,0.001850138760406991
743,743,10.84,2011-10-31,VFISX,-0.0018416206261509737
744,744,10.83,2011-11-30,VFISX,0.0
745,745,10.79,2011-12-30,VFISX,-0.0046125461254613205
746,746,10.81,2012-01-31,VFISX,-0.0018467220683286772
747,747,10.79,2012-02-29,VFISX,0.0
748,748,10.75,2012-03-30,VFISX,-0.005550416281221137
749,749,10.78,2012-04-30,VFISX,-0.0009267840593141601
750,750,10.78,2012-05-31,VFISX,0.0027906976744185453
751,751,10.76,2012-06-29,VFISX,-0.0018552875695732444
752,752,10.79,2012-07-31,VFISX,0.0009276437847866222
753,753,10.8,2012-08-31,VFISX,0.003717472118959194
754,754,10.8,2012-09-28,VFISX,0.0009267840593143248
755,755,10.78,2012-10-31,VFISX,-0.0018518518518519768
756,756,10.79,2012-11-30,VFISX,-0.0009259259259260706
757,757,10.74,2012-12-31,VFISX,-0.003710575139146489
758,758,10.73,2013-01-31,VFISX,-0.005560704355884961
759,759,10.74,2013-02-28,VFISX,0.0
760,760,10.74,2013-03-28,VFISX,0.0009319664492078086
761,761,10.75,2013-04-30,VFISX,0.0009310986964618051
762,762,10.71,2013-05-31,VFISX,-0.002793296089385415
763,763,10.68,2013-06-28,VFISX,-0.0065116279069767705
764,764,10.69,2013-07-31,VFISX,-0.0018674136321196403
765,765,10.67,2013-08-30,VFISX,-0.0009363295880149613
766,766,10.71,2013-09-30,VFISX,0.0018709073900843173
767,767,10.72,2013-10-31,VFISX,0.004686035613870732
768,768,10.73,2013-11-29,VFISX,0.0018674136321194744
769,769,10.68,2013-12-31,VFISX,-0.0037313432835821753
770,770,10.71,2014-01-31,VFISX,-0.0018639328984156173
771,771,10.71,2014-02-28,VFISX,0.0028089887640450504
772,772,10.68,2014-03-31,VFISX,-0.0028011204481793775
773,773,10.7,2014-04-30,VFISX,-0.0009337068160599031
774,774,10.71,2014-05-30,VFISX,0.0028089887640450504
775,775,10.71,2014-06-30,VFISX,0.0009345794392524826
776,776,10.69,2014-07-31,VFISX,-0.0018674136321196403
777,777,10.7,2014-08-29,VFISX,-0.0009337068160599031
778,778,10.68,2014-09-30,VFISX,-0.0009354536950420755
779,779,10.72,2014-10-31,VFISX,0.0018691588785047992
780,780,10.73,2014-11-28,VFISX,0.004681647940074973
781,781,10.69,2014-12-31,VFISX,-0.0027985074626866733
782,782,10.75,2015-01-30,VFISX,0.0018639328984156173
783,783,10.7,2015-02-27,VFISX,0.0009354536950420755
784,784,10.73,2015-03-31,VFISX,-0.0018604651162790302
785,785,10.73,2015-04-30,VFISX,0.002803738317757116
786,786,10.73,2015-05-29,VFISX,0.0
787,787,10.72,2015-06-30,VFISX,-0.0009319664492078086
788,788,10.73,2015-07-31,VFISX,0.0
789,789,10.71,2015-08-31,VFISX,-0.0009328358208955024
790,790,10.75,2015-09-30,VFISX,0.0018639328984156173
791,791,10.73,2015-10-30,VFISX,0.0018674136321194744
792,792,10.69,2015-11-30,VFISX,-0.005581395348837255
793,793,10.65,2015-12-31,VFISX,-0.007455731593662635
794,794,10.73,2016-01-29,VFISX,0.0037418147801684684
795,795,10.74,2016-02-29,VFISX,0.0084507042253521
796,796,10.76,2016-03-31,VFISX,0.002795899347623426
797,797,10.75,2016-04-29,VFISX,0.0009310986964618051
798,798,10.73,2016-05-31,VFISX,-0.0027881040892192713
799,799,10.8,2016-06-30,VFISX,0.00465116279069774
800,800,10.78,2016-07-29,VFISX,0.004659832246039043
801,801,10.74,2016-08-31,VFISX,-0.005555555555555601
802,802,10.76,2016-09-30,VFISX,-0.0018552875695732444
803,803,10.74,2016-10-31,VFISX,0.0
804,804,10.67,2016-11-30,VFISX,-0.00836431226765798
805,805,10.64,2016-12-30,VFISX,-0.009310986964618215
806,806,10.65,2017-01-31,VFISX,-0.0018744142455482263
807,807,10.65,2017-02-28,VFISX,0.0009398496240601303
808,808,10.64,2017-03-31,VFISX,-0.0009389671361502147
809,809,10.65,2017-04-28,VFISX,0.0
810,810,10.65,2017-05-31,VFISX,0.0009398496240601303
811,811,10.63,2017-06-30,VFISX,-0.0018779342723004293
812,812,10.65,2017-07-31,VFISX,0.0
813,813,10.66,2017-08-31,VFISX,0.0028222013170272208
814,814,10.63,2017-09-29,VFISX,-0.0018779342723004293
815,815,10.61,2017-10-31,VFISX,-0.004690431519699879
816,816,10.57,2017-11-30,VFISX,-0.005644402634054609
817,817,10.55,2017-12-29,VFISX,-0.005655042412817976
818,818,10.49,2018-01-31,VFISX,-0.007568590350047311
819,819,10.47,2018-02-28,VFISX,-0.007582938388625599
820,820,10.48,2018-03-29,VFISX,-0.0009532888465204754
821,821,10.43,2018-04-30,VFISX,-0.0038204393505253983
822,822,11.42,1995-07-31,VPACX,0.0
823,823,10.98,1995-08-31,VPACX,0.0
824,824,11.09,1995-09-29,VPACX,-0.02889667250437829
825,825,10.55,1995-10-31,VPACX,-0.03916211293260471
826,826,11.07,1995-11-30,VPACX,-0.001803426510369664
827,827,11.5,1995-12-29,VPACX,0.09004739336492884
828,828,11.54,1996-01-31,VPACX,0.04245709123757894
829,829,11.4,1996-02-29,VPACX,-0.008695652173913012
830,830,11.75,1996-03-29,VPACX,0.01819757365684583
831,831,12.36,1996-04-30,VPACX,0.08421052631578939
832,832,11.86,1996-05-31,VPACX,0.009361702127659527
833,833,11.88,1996-06-28,VPACX,-0.03883495145631057
834,834,11.31,1996-07-31,VPACX,-0.04637436762225961
835,835,11.02,1996-08-30,VPACX,-0.07239057239057249
836,836,11.4,1996-09-30,VPACX,0.0079575596816976
837,837,10.87,1996-10-31,VPACX,-0.013611615245009107
838,838,11.18,1996-11-29,VPACX,-0.019298245614035144
839,839,10.51,1996-12-31,VPACX,-0.03311867525298983
840,840,9.63,1997-01-31,VPACX,-0.13864042933810367
841,841,9.83,1997-02-28,VPACX,-0.06470028544243575
842,842,9.48,1997-03-31,VPACX,-0.015576323987538977
843,843,9.67,1997-04-30,VPACX,-0.016276703967446605
844,844,10.65,1997-05-30,VPACX,0.12341772151898733
845,845,11.31,1997-06-30,VPACX,0.1695966907962772
846,846,11.01,1997-07-31,VPACX,0.0338028169014084
847,847,9.88,1997-08-29,VPACX,-0.12643678160919536
848,848,9.85,1997-09-30,VPACX,-0.10535876475930973
849,849,8.65,1997-10-31,VPACX,-0.12449392712550611
850,850,8.17,1997-11-28,VPACX,-0.17055837563451776
851,851,7.72,1997-12-31,VPACX,-0.1075144508670521
852,852,8.13,1998-01-30,VPACX,-0.004895960832313237
853,853,8.41,1998-02-27,VPACX,0.08937823834196897
854,854,7.95,1998-03-31,VPACX,-0.022140221402214093
855,855,7.79,1998-04-30,VPACX,-0.0737217598097503
856,856,7.26,1998-05-29,VPACX,-0.08679245283018873
857,857,7.24,1998-06-30,VPACX,-0.07060333761232347
858,858,7.11,1998-07-31,VPACX,-0.020661157024793316
859,859,6.25,1998-08-31,VPACX,-0.13674033149171272
860,860,6.25,1998-09-30,VPACX,-0.12095639943741214
861,861,7.35,1998-10-30,VPACX,0.17599999999999993
862,862,7.7,1998-11-30,VPACX,0.23200000000000004
863,863,7.84,1998-12-31,VPACX,0.0666666666666667
864,864,7.89,1999-01-29,VPACX,0.02467532467532461
865,865,7.73,1999-02-26,VPACX,-0.014030612244897886
866,866,8.7,1999-03-31,VPACX,0.10266159695817485
867,867,9.29,1999-04-30,VPACX,0.20181112548512273
868,868,8.77,1999-05-28,VPACX,0.008045977011494286
869,869,9.49,1999-06-30,VPACX,0.02152852529601734
870,870,10.22,1999-07-30,VPACX,0.16533637400228063
871,871,10.13,1999-08-31,VPACX,0.0674394099051634
872,872,10.61,1999-09-30,VPACX,0.03816046966731886
873,873,11.03,1999-10-29,VPACX,0.08884501480750231
874,874,11.58,1999-11-30,VPACX,0.09142318567389263
875,875,12.22,1999-12-31,VPACX,0.10788757932910258
876,876,11.62,2000-01-31,VPACX,0.0034542314335059715
877,877,11.37,2000-02-29,VPACX,-0.0695581014729952
878,878,12.2,2000-03-31,VPACX,0.04991394148020655
879,879,11.35,2000-04-28,VPACX,-0.0017590149516270514
880,880,10.68,2000-05-31,VPACX,-0.1245901639344262
881,881,11.51,2000-06-30,VPACX,0.014096916299559484
882,882,10.4,2000-07-31,VPACX,-0.026217228464419415
883,883,10.97,2000-08-31,VPACX,-0.04691572545612503
884,884,10.41,2000-09-29,VPACX,0.000961538461538441
885,885,9.8,2000-10-31,VPACX,-0.10665451230628988
886,886,9.45,2000-11-30,VPACX,-0.09221902017291074
887,887,8.95,2000-12-29,VPACX,-0.08673469387755116
888,888,8.92,2001-01-31,VPACX,-0.05608465608465602
889,889,8.54,2001-02-28,VPACX,-0.04581005586592181
890,890,8.14,2001-03-30,VPACX,-0.08744394618834074
891,891,8.87,2001-04-30,VPACX,0.038641686182669804
892,892,8.64,2001-05-31,VPACX,0.06142506142506142
893,893,8.22,2001-06-29,VPACX,-0.07328072153325801
894,894,7.68,2001-07-31,VPACX,-0.1111111111111112
895,895,7.5,2001-08-31,VPACX,-0.08759124087591248
896,896,6.72,2001-09-28,VPACX,-0.125
897,897,6.79,2001-10-31,VPACX,-0.09466666666666666
898,898,6.9,2001-11-30,VPACX,0.026785714285714378
899,899,6.56,2001-12-31,VPACX,-0.03387334315169373
900,900,6.18,2002-01-31,VPACX,-0.10434782608695661
901,901,6.34,2002-02-28,VPACX,-0.033536585365853626
902,902,6.79,2002-03-28,VPACX,0.09870550161812304
903,903,7.03,2002-04-30,VPACX,0.10883280757097798
904,904,7.37,2002-05-31,VPACX,0.085419734904271
905,905,6.99,2002-06-28,VPACX,-0.005689900426742537
906,906,6.52,2002-07-31,VPACX,-0.11533242876526466
907,907,6.47,2002-08-30,VPACX,-0.07439198855507875
908,908,6.1,2002-09-30,VPACX,-0.06441717791411042
909,909,5.9,2002-10-31,VPACX,-0.08809891808346204
910,910,6.07,2002-11-29,VPACX,-0.004918032786885141
911,911,5.88,2002-12-31,VPACX,-0.0033898305084746542
912,912,5.71,2003-01-31,VPACX,-0.0593080724876442
913,913,5.72,2003-02-28,VPACX,-0.02721088435374152
914,914,5.55,2003-03-31,VPACX,-0.02802101576182139
915,915,5.6,2003-04-30,VPACX,-0.020979020979020997
916,916,5.87,2003-05-30,VPACX,0.057657657657657714
917,917,6.24,2003-06-30,VPACX,0.1142857142857144
918,918,6.52,2003-07-31,VPACX,0.11073253833049394
919,919,7.03,2003-08-29,VPACX,0.1266025641025641
920,920,7.41,2003-09-30,VPACX,0.13650306748466268
921,921,7.8,2003-10-31,VPACX,0.10953058321479367
922,922,7.62,2003-11-28,VPACX,0.028340080971659912
923,923,8.03,2003-12-31,VPACX,0.029487179487179428
924,924,8.19,2004-01-30,VPACX,0.07480314960629914
925,925,8.26,2004-02-27,VPACX,0.02864259028642596
926,926,9.05,2004-03-31,VPACX,0.10500610500610516
927,927,8.45,2004-04-30,VPACX,0.023002421307505995
928,928,8.34,2004-05-28,VPACX,-0.07845303867403323
929,929,8.76,2004-06-30,VPACX,0.03668639053254444
930,930,8.31,2004-07-30,VPACX,-0.003597122302158197
931,931,8.41,2004-08-31,VPACX,-0.03995433789954334
932,932,8.38,2004-09-30,VPACX,0.008423586040914595
933,933,8.63,2004-10-29,VPACX,0.026159334126040504
934,934,9.12,2004-11-30,VPACX,0.088305489260143
935,935,9.38,2004-12-31,VPACX,0.08690614136732329
936,936,9.21,2005-01-31,VPACX,0.009868421052631759
937,937,9.45,2005-02-28,VPACX,0.007462686567164019
938,938,9.21,2005-03-31,VPACX,0.0
939,939,9.04,2005-04-29,VPACX,-0.0433862433862434
940,940,8.96,2005-05-31,VPACX,-0.027144408251900107
941,941,9.06,2005-06-30,VPACX,0.002212389380531123
942,942,9.23,2005-07-29,VPACX,0.03013392857142852
943,943,9.78,2005-08-31,VPACX,0.07947019867549655
944,944,10.63,2005-09-30,VPACX,0.1516793066088841
945,945,10.39,2005-10-31,VPACX,0.06237218813905943
946,946,10.71,2005-11-30,VPACX,0.007525870178739423
947,947,11.34,2005-12-30,VPACX,0.09143407122232909
948,948,11.93,2006-01-31,VPACX,0.11391223155929027
949,949,11.73,2006-02-28,VPACX,0.034391534391534445
950,950,12.08,2006-03-31,VPACX,0.012573344509639595
951,951,12.58,2006-04-28,VPACX,0.07246376811594199
952,952,11.91,2006-05-31,VPACX,-0.014072847682119199
953,953,11.74,2006-06-30,VPACX,-0.06677265500794911
954,954,11.71,2006-07-31,VPACX,-0.01679261125104948
955,955,11.91,2006-08-31,VPACX,0.01448040885860306
956,956,11.78,2006-09-29,VPACX,0.005977796754910205
957,957,12.13,2006-10-31,VPACX,0.018471872376154545
958,958,12.3,2006-11-30,VPACX,0.044142614601018794
959,959,12.43,2006-12-29,VPACX,0.02473206924979381
960,960,12.59,2007-01-31,VPACX,0.023577235772357652
961,961,12.99,2007-02-28,VPACX,0.0450522928399035
962,962,12.98,2007-03-30,VPACX,0.030976965845909497
963,963,12.93,2007-04-30,VPACX,-0.0046189376443418395
964,964,13.28,2007-05-31,VPACX,0.0231124807395993
965,965,13.31,2007-06-29,VPACX,0.029389017788089774
966,966,13.23,2007-07-31,VPACX,-0.003765060240963775
967,967,12.97,2007-08-31,VPACX,-0.025544703230653634
968,968,13.71,2007-09-28,VPACX,0.036281179138322024
969,969,14.19,2007-10-31,VPACX,0.0940632228218966
970,970,13.65,2007-11-30,VPACX,-0.004376367614879686
971,971,12.72,2007-12-31,VPACX,-0.10359408033826631
972,972,12.09,2008-01-31,VPACX,-0.11428571428571432
973,973,11.89,2008-02-29,VPACX,-0.06525157232704402
974,974,11.68,2008-03-31,VPACX,-0.033912324234904895
975,975,12.53,2008-04-30,VPACX,0.05382674516400326
976,976,12.78,2008-05-30,VPACX,0.0941780821917808
977,977,11.85,2008-06-30,VPACX,-0.05426975259377492
978,978,11.32,2008-07-31,VPACX,-0.11424100156494515
979,979,10.75,2008-08-29,VPACX,-0.09282700421940926
980,980,9.73,2008-09-30,VPACX,-0.14045936395759714
981,981,7.94,2008-10-31,VPACX,-0.2613953488372093
982,982,7.62,2008-11-28,VPACX,-0.2168550873586845
983,983,8.2,2008-12-31,VPACX,0.03274559193954646
984,984,7.3,2009-01-30,VPACX,-0.04199475065616801
985,985,6.55,2009-02-27,VPACX,-0.2012195121951219
986,986,7.07,2009-03-31,VPACX,-0.03150684931506843
987,987,7.74,2009-04-30,VPACX,0.18167938931297717
988,988,8.67,2009-05-29,VPACX,0.22630834512022624
989,989,8.76,2009-06-30,VPACX,0.13178294573643404
990,990,9.39,2009-07-31,VPACX,0.08304498269896202
991,991,9.7,2009-08-31,VPACX,0.10730593607305931
992,992,9.89,2009-09-30,VPACX,0.05324813631522896
993,993,9.61,2009-10-30,VPACX,-0.009278350515463904
994,994,9.77,2009-11-30,VPACX,-0.012133468149646207
995,995,9.68,2009-12-31,VPACX,0.007284079084287231
996,996,9.54,2010-01-29,VPACX,-0.023541453428863914
997,997,9.73,2010-02-26,VPACX,0.005165289256198421
998,998,10.3,2010-03-31,VPACX,0.07966457023060813
999,999,10.19,2010-04-30,VPACX,0.0472764645426515
1000,1000,9.22,2010-05-28,VPACX,-0.10485436893203884
1001,1001,9.01,2010-06-30,VPACX,-0.1157998037291462
1002,1002,9.66,2010-07-30,VPACX,0.047722342733188663
1003,1003,9.43,2010-08-31,VPACX,0.046614872364039946
1004,1004,10.16,2010-09-30,VPACX,0.05175983436853002
1005,1005,10.39,2010-10-29,VPACX,0.10180275715800646
1006,1006,10.43,2010-11-30,VPACX,0.026574803149606255
1007,1007,10.87,2010-12-31,VPACX,0.04619826756496618
1008,1008,10.85,2011-01-31,VPACX,0.040268456375838924
1009,1009,11.29,2011-02-28,VPACX,0.03863845446182152
1010,1010,10.63,2011-03-31,VPACX,-0.02027649769585243
1011,1011,10.96,2011-04-29,VPACX,-0.029229406554472835
1012,1012,10.67,2011-05-31,VPACX,0.003762935089369628
1013,1013,10.73,2011-06-30,VPACX,-0.02098540145985405
1014,1014,10.87,2011-07-29,VPACX,0.018744142455482594
1015,1015,10.15,2011-08-31,VPACX,-0.05405405405405406
1016,1016,9.28,2011-09-30,VPACX,-0.14627414903403863
1017,1017,9.74,2011-10-31,VPACX,-0.04039408866995075
1018,1018,9.62,2011-11-30,VPACX,0.03663793103448275
1019,1019,9.06,2011-12-30,VPACX,-0.06981519507186855
1020,1020,9.67,2012-01-31,VPACX,0.0051975051975052715
1021,1021,10.09,2012-02-29,VPACX,0.11368653421633547
1022,1022,10.12,2012-03-30,VPACX,0.04653567735263695
1023,1023,9.91,2012-04-30,VPACX,-0.01783944499504457
1024,1024,8.94,2012-05-31,VPACX,-0.11660079051383397
1025,1025,9.53,2012-06-29,VPACX,-0.03834510595358232
1026,1026,9.48,2012-07-31,VPACX,0.060402684563758496
1027,1027,9.57,2012-08-31,VPACX,0.0041972717733474215
1028,1028,9.62,2012-09-28,VPACX,0.014767932489451348
1029,1029,9.63,2012-10-31,VPACX,0.00626959247648908
1030,1030,9.85,2012-11-30,VPACX,0.023908523908523955
1031,1031,10.14,2012-12-31,VPACX,0.05295950155763237
1032,1032,10.47,2013-01-31,VPACX,0.06294416243654832
1033,1033,10.69,2013-02-28,VPACX,0.054240631163707975
1034,1034,11.05,2013-03-28,VPACX,0.055396370582617004
1035,1035,11.65,2013-04-30,VPACX,0.08980355472404124
1036,1036,10.77,2013-05-31,VPACX,-0.025339366515837205
1037,1037,10.62,2013-06-28,VPACX,-0.08841201716738208
1038,1038,10.85,2013-07-31,VPACX,0.007428040854224705
1039,1039,10.68,2013-08-30,VPACX,0.005649717514124341
1040,1040,11.56,2013-09-30,VPACX,0.06543778801843327
1041,1041,11.76,2013-10-31,VPACX,0.10112359550561799
1042,1042,11.75,2013-11-29,VPACX,0.016435986159169507
1043,1043,11.61,2013-12-31,VPACX,-0.012755102040816356
1044,1044,10.96,2014-01-31,VPACX,-0.06723404255319142
1045,1045,11.32,2014-02-28,VPACX,-0.024978466838931884
1046,1046,11.29,2014-03-31,VPACX,0.030109489051094732
1047,1047,11.26,2014-04-30,VPACX,-0.005300353356890503
1048,1048,11.62,2014-05-30,VPACX,0.029229406554472995
1049,1049,11.86,2014-06-30,VPACX,0.05328596802841915
1050,1050,11.94,2014-07-31,VPACX,0.027538726333907082
1051,1051,11.92,2014-08-29,VPACX,0.005059021922428373
1052,1052,11.33,2014-09-30,VPACX,-0.05108877721943044
1053,1053,11.59,2014-10-31,VPACX,-0.027684563758389267
1054,1054,11.2,2014-11-28,VPACX,-0.011473962930273678
1055,1055,10.8,2014-12-31,VPACX,-0.06816220880069018
1056,1056,11.0,2015-01-30,VPACX,-0.017857142857142794
1057,1057,11.62,2015-02-27,VPACX,0.07592592592592579
1058,1058,11.65,2015-03-31,VPACX,0.059090909090909124
1059,1059,12.12,2015-04-30,VPACX,0.04302925989672978
1060,1060,12.02,2015-05-29,VPACX,0.03175965665236045
1061,1061,11.69,2015-06-30,VPACX,-0.03547854785478546
1062,1062,11.58,2015-07-31,VPACX,-0.03660565723793673
1063,1063,10.71,2015-08-31,VPACX,-0.0838323353293412
1064,1064,10.22,2015-09-30,VPACX,-0.11744386873920548
1065,1065,10.99,2015-10-30,VPACX,0.02614379084967314
1066,1066,10.96,2015-11-30,VPACX,0.07240704500978475
1067,1067,10.8,2015-12-31,VPACX,-0.017288444040036353
1068,1068,10.18,2016-01-29,VPACX,-0.07116788321167893
1069,1069,9.82,2016-02-29,VPACX,-0.09074074074074077
1070,1070,10.57,2016-03-31,VPACX,0.03831041257367393
1071,1071,10.66,2016-04-29,VPACX,0.08553971486761709
1072,1072,10.71,2016-05-31,VPACX,0.013245033112582835
1073,1073,10.64,2016-06-30,VPACX,-0.0018761726078798848
1074,1074,11.23,2016-07-29,VPACX,0.048552754435107336
1075,1075,11.26,2016-08-31,VPACX,0.058270676691729244
1076,1076,11.54,2016-09-30,VPACX,0.02760463045414058
1077,1077,11.42,2016-10-31,VPACX,0.014209591474245128
1078,1078,11.26,2016-11-30,VPACX,-0.024263431542460953
1079,1079,11.08,2016-12-30,VPACX,-0.029772329246935188
1080,1080,11.6,2017-01-31,VPACX,0.030195381882770857
1081,1081,11.85,2017-02-28,VPACX,0.06949458483754509
1082,1082,12.03,2017-03-31,VPACX,0.037068965517241356
1083,1083,12.13,2017-04-28,VPACX,0.02362869198312246
1084,1084,12.4,2017-05-31,VPACX,0.030756442227764007
1085,1085,12.53,2017-06-30,VPACX,0.03297609233305841
1086,1086,12.86,2017-07-31,VPACX,0.03709677419354831
1087,1087,12.88,2017-08-31,VPACX,0.027932960893854865
1088,1088,12.98,2017-09-29,VPACX,0.009331259720062286
1089,1089,13.56,2017-10-31,VPACX,0.052795031055900596
1090,1090,13.84,2017-11-30,VPACX,0.06625577812018485
1091,1091,13.87,2017-12-29,VPACX,0.0228613569321533
1092,1092,14.52,2018-01-31,VPACX,0.049132947976878595
1093,1093,14.0,2018-02-28,VPACX,0.00937274693583279
1094,1094,13.91,2018-03-29,VPACX,-0.042011019283746516
1095,1095,13.96,2018-04-30,VPACX,-0.0028571428571427964
1096,1096,13.97,1995-07-31,VTSMX,0.0
1097,1097,14.12,1995-08-31,VTSMX,0.0
1098,1098,14.57,1995-09-29,VTSMX,0.0429491768074445
1099,1099,14.4,1995-10-31,VTSMX,0.01983002832861198
1100,1100,15.0,1995-11-30,VTSMX,0.029512697323266966
1101,1101,15.04,1995-12-29,VTSMX,0.04444444444444436
1102,1102,15.44,1996-01-31,VTSMX,0.0293333333333333
1103,1103,15.69,1996-02-29,VTSMX,0.043218085106383
1104,1104,15.78,1996-03-29,VTSMX,0.022020725388601028
1105,1105,16.16,1996-04-30,VTSMX,0.02995538559592101
1106,1106,16.59,1996-05-31,VTSMX,0.05133079847908749
1107,1107,16.389999,1996-06-28,VTSMX,0.014232611386138577
1108,1108,15.51,1996-07-31,VTSMX,-0.0650994575045208
1109,1109,15.99,1996-08-30,VTSMX,-0.02440506555247498
1110,1110,16.790001,1996-09-30,VTSMX,0.08252746615087043
1111,1111,17.030001000000002,1996-10-31,VTSMX,0.06504071294559112
1112,1112,18.190001,1996-11-29,VTSMX,0.0833829610849933
1113,1113,17.77,1996-12-31,VTSMX,0.04345266920418838
1114,1114,18.74,1997-01-31,VTSMX,0.03023633698535804
1115,1115,18.719999,1997-02-28,VTSMX,0.05346083286437827
1116,1116,17.790001,1997-03-31,VTSMX,-0.050693649946638115
1117,1117,18.59,1997-04-30,VTSMX,-0.006944391396602185
1118,1118,19.91,1997-05-30,VTSMX,0.11916800904058408
1119,1119,20.719999,1997-06-30,VTSMX,0.11457767616998395
1120,1120,22.33,1997-07-31,VTSMX,0.12154696132596676
1121,1121,21.5,1997-08-29,VTSMX,0.03764483772417163
1122,1122,22.68,1997-09-30,VTSMX,0.015673981191222635
1123,1123,21.91,1997-10-31,VTSMX,0.019069767441860473
1124,1124,22.639999,1997-11-28,VTSMX,-0.001763712522045863
1125,1125,22.639999,1997-12-31,VTSMX,0.03331807393884068
1126,1126,22.74,1998-01-30,VTSMX,0.004417005495450724
1127,1127,24.41,1998-02-27,VTSMX,0.0781802596369373
1128,1128,25.540001,1998-03-31,VTSMX,0.12313109058927009
1129,1129,25.82,1998-04-30,VTSMX,0.057763211798443265
1130,1130,25.120001,1998-05-29,VTSMX,-0.016444791838496862
1131,1131,25.950001,1998-06-30,VTSMX,0.005034895429899304
1132,1132,25.360001,1998-07-31,VTSMX,0.009554139747048657
1133,1133,21.389999,1998-08-31,VTSMX,-0.1757226136523078
1134,1134,22.76,1998-09-30,VTSMX,-0.10252369469543786
1135,1135,24.469999,1998-10-30,VTSMX,0.14399252660086623
1136,1136,25.98,1998-11-30,VTSMX,0.14147627416520206
1137,1137,27.42,1998-12-31,VTSMX,0.12055582838397337
1138,1138,28.42,1999-01-29,VTSMX,0.09391839876828334
1139,1139,27.360001,1999-02-26,VTSMX,-0.002188147337709746
1140,1140,28.219999,1999-03-31,VTSMX,-0.007037332864180165
1141,1141,29.540001,1999-04-30,VTSMX,0.07967835966087866
1142,1142,28.950001,1999-05-28,VTSMX,0.02586825038512577
1143,1143,30.35,1999-06-30,VTSMX,0.02742041207107614
1144,1144,29.379999,1999-07-30,VTSMX,0.014853125566386032
1145,1145,29.110001,1999-08-31,VTSMX,-0.04085663920922573
1146,1146,28.32,1999-09-30,VTSMX,-0.0360789324737554
1147,1147,30.09,1999-10-29,VTSMX,0.033665371567661556
1148,1148,31.129999,1999-11-30,VTSMX,0.09922312853107348
1149,1149,33.220001,1999-12-31,VTSMX,0.10402130275839161
1150,1150,31.83,2000-01-31,VTSMX,0.022486380420378323
1151,1151,32.639999,2000-02-29,VTSMX,-0.01745942150934915
1152,1152,34.369999,2000-03-31,VTSMX,0.07979890040841979
1153,1153,32.580002,2000-04-28,VTSMX,-0.001838143438668694
1154,1154,31.469999,2000-05-31,VTSMX,-0.08437591167808875
1155,1155,32.779999,2000-06-30,VTSMX,0.006138642962636902
1156,1156,32.139999,2000-07-31,VTSMX,0.0212901182488122
1157,1157,34.48,2000-08-31,VTSMX,0.05186092287556203
1158,1158,32.779999,2000-09-29,VTSMX,0.01991288176455741
1159,1159,32.110001000000004,2000-10-31,VTSMX,-0.06873546983758681
1160,1160,28.93,2000-11-30,VTSMX,-0.11744963750609014
1161,1161,29.26,2000-12-29,VTSMX,-0.08875742482848263
1162,1162,30.379999,2001-01-31,VTSMX,0.05012094711372284
1163,1163,27.52,2001-02-28,VTSMX,-0.059466848940533217
1164,1164,25.6,2001-03-30,VTSMX,-0.15734032775972112
1165,1165,27.690001,2001-04-30,VTSMX,0.006177361918604621
1166,1166,27.969999,2001-05-31,VTSMX,0.0925780859375
1167,1167,27.450001,2001-06-29,VTSMX,-0.008667388636063915
1168,1168,26.98,2001-07-31,VTSMX,-0.035395031655167414
1169,1169,25.360001,2001-08-31,VTSMX,-0.07613843074176936
1170,1170,23.0,2001-09-28,VTSMX,-0.14751667902149743
1171,1171,23.58,2001-10-31,VTSMX,-0.07018931111240895
1172,1172,25.379999,2001-11-30,VTSMX,0.10347821739130442
1173,1173,25.74,2001-12-31,VTSMX,0.09160305343511452
1174,1174,25.42,2002-01-31,VTSMX,0.0015760835924382886
1175,1175,24.9,2002-02-28,VTSMX,-0.03263403263403263
1176,1176,25.92,2002-03-28,VTSMX,0.01966955153422502
1177,1177,24.65,2002-04-30,VTSMX,-0.010040160642570281
1178,1178,24.35,2002-05-31,VTSMX,-0.06057098765432099
1179,1179,22.57,2002-06-28,VTSMX,-0.08438133874239344
1180,1180,20.76,2002-07-31,VTSMX,-0.14743326488706365
1181,1181,20.870001,2002-08-30,VTSMX,-0.07532117855560487
1182,1182,18.700001,2002-09-30,VTSMX,-0.09922923892100198
1183,1183,20.129999,2002-10-31,VTSMX,-0.035457688765802985
1184,1184,21.41,2002-11-29,VTSMX,0.14491972487060292
1185,1185,20.07,2002-12-31,VTSMX,-0.0029805764024131965
1186,1186,19.559999,2003-01-31,VTSMX,-0.08640826716487618
1187,1187,19.23,2003-02-28,VTSMX,-0.041853512705530636
1188,1188,19.370001,2003-03-31,VTSMX,-0.009713599678609531
1189,1189,20.959999,2003-04-30,VTSMX,0.08996354654186164
1190,1190,22.24,2003-05-30,VTSMX,0.14816720969709812
1191,1191,22.49,2003-06-30,VTSMX,0.07299623439867524
1192,1192,23.02,2003-07-31,VTSMX,0.03507194244604322
1193,1193,23.57,2003-08-29,VTSMX,0.04802134281903077
1194,1194,23.219999,2003-09-30,VTSMX,0.008688053866203381
1195,1195,24.639999,2003-10-31,VTSMX,0.04539664828171401
1196,1196,24.98,2003-11-28,VTSMX,0.075796773290128
1197,1197,25.99,2003-12-31,VTSMX,0.05478900384695628
1198,1198,26.57,2004-01-30,VTSMX,0.06365092073658926
1199,1199,26.950001,2004-02-27,VTSMX,0.0369373220469412
1200,1200,26.58,2004-03-31,VTSMX,0.0003763643206623263
1201,1201,26.02,2004-04-30,VTSMX,-0.03450838461935496
1202,1202,26.370001,2004-05-28,VTSMX,-0.007900639578630544
1203,1203,26.83,2004-06-30,VTSMX,0.031129900076863903
1204,1204,25.809999,2004-07-30,VTSMX,-0.021236328356604814
1205,1205,25.889999,2004-08-31,VTSMX,-0.03503544539694368
1206,1206,26.25,2004-09-30,VTSMX,0.01704769535248718
1207,1207,26.690001,2004-10-29,VTSMX,0.030900039818464235
1208,1208,27.940001,2004-11-30,VTSMX,0.06438099047619043
1209,1209,28.77,2004-12-31,VTSMX,0.07793176927943918
1210,1210,28.0,2005-01-31,VTSMX,0.002147422972533224
1211,1211,28.58,2005-02-28,VTSMX,-0.006604101494612488
1212,1212,27.98,2005-03-31,VTSMX,-0.0007142857142856991
1213,1213,27.33,2005-04-29,VTSMX,-0.043736878936319105
1214,1214,28.360001,2005-05-31,VTSMX,0.013581165117941389
1215,1215,28.5,2005-06-30,VTSMX,0.04281009879253574
1216,1216,29.67,2005-07-29,VTSMX,0.04619178257433775
1217,1217,29.4,2005-08-31,VTSMX,0.031578947368421005
1218,1218,29.51,2005-09-30,VTSMX,-0.00539265251095383
1219,1219,28.959999,2005-10-31,VTSMX,-0.014966020408163224
1220,1220,30.110001,2005-11-30,VTSMX,0.020332124703490304
1221,1221,30.0,2005-12-30,VTSMX,0.03591163798037424
1222,1222,31.049999,2006-01-31,VTSMX,0.03121879670478919
1223,1223,31.049999,2006-02-28,VTSMX,0.03499996666666665
1224,1224,31.49,2006-03-31,VTSMX,0.01417072509406518
1225,1225,31.84,2006-04-28,VTSMX,0.025442867164021492
1226,1226,30.809999,2006-05-31,VTSMX,-0.02159418863131144
1227,1227,30.74,2006-06-30,VTSMX,-0.03454773869346738
1228,1228,30.700001,2006-07-31,VTSMX,-0.0035702045949433793
1229,1229,31.41,2006-08-31,VTSMX,0.02179570592062465
1230,1230,32.0,2006-09-29,VTSMX,0.042345242920350384
1231,1231,33.130001,2006-10-31,VTSMX,0.05475966252785737
1232,1232,33.869999,2006-11-30,VTSMX,0.05843746875
1233,1233,34.09,2006-12-29,VTSMX,0.028976727166413408
1234,1234,34.73,2007-01-31,VTSMX,0.02539123192770088
1235,1235,34.169998,2007-02-28,VTSMX,0.002346670577881966
1236,1236,34.41,2007-03-30,VTSMX,-0.009213936078318465
1237,1237,35.79000100000001,2007-04-30,VTSMX,0.04741009935089874
1238,1238,37.110001,2007-05-31,VTSMX,0.07846559139784948
1239,1239,36.360001,2007-06-29,VTSMX,0.015926235933885164
1240,1240,35.119999,2007-07-31,VTSMX,-0.053624412459595386
1241,1241,35.630001,2007-08-31,VTSMX,-0.02007700714859708
1242,1242,36.759998,2007-09-28,VTSMX,0.046697011580211126
1243,1243,37.439999,2007-10-31,VTSMX,0.05079983017682206
1244,1244,35.759998,2007-11-30,VTSMX,-0.0272034835257608
1245,1245,35.36000100000001,2007-12-31,VTSMX,-0.05555550362060611
1246,1246,33.209999,2008-01-31,VTSMX,-0.07130870085619131
1247,1247,32.189999,2008-02-29,VTSMX,-0.08964937529272157
1248,1248,31.860001,2008-03-31,VTSMX,-0.04065034750528004
1249,1249,33.459999,2008-04-30,VTSMX,0.03945324757543494
1250,1250,34.16,2008-05-30,VTSMX,0.07219080124950392
1251,1251,31.219999,2008-06-30,VTSMX,-0.06694560869532608
1252,1252,30.98,2008-07-31,VTSMX,-0.09309133489461348
1253,1253,31.469999,2008-08-29,VTSMX,0.008007687636376926
1254,1254,28.42,2008-09-30,VTSMX,-0.08263395739186567
1255,1255,23.41,2008-10-31,VTSMX,-0.2561169131273249
1256,1256,21.559999,2008-11-28,VTSMX,-0.241379345531316
1257,1257,21.799999,2008-12-31,VTSMX,-0.06877407090986759
1258,1258,20.0,2009-01-30,VTSMX,-0.07235617218720655
1259,1259,17.91,2009-02-27,VTSMX,-0.1784403292862536
1260,1260,19.33,2009-03-31,VTSMX,-0.033500000000000085
1261,1261,21.379999,2009-04-30,VTSMX,0.19374645449469577
1262,1262,22.530001,2009-05-29,VTSMX,0.1655458354888774
1263,1263,22.5,2009-06-30,VTSMX,0.05238545614525045
1264,1264,24.26,2009-07-31,VTSMX,0.07678645908626472
1265,1265,25.15,2009-08-31,VTSMX,0.11777777777777772
1266,1266,26.09,2009-09-30,VTSMX,0.07543281121187131
1267,1267,25.42,2009-10-30,VTSMX,0.010735586481113444
1268,1268,26.85,2009-11-30,VTSMX,0.029129934840935283
1269,1269,27.450001,2009-12-31,VTSMX,0.07985841856805659
1270,1270,26.49,2010-01-29,VTSMX,-0.01340782122905039
1271,1271,27.379999,2010-02-26,VTSMX,-0.0025501638415240417
1272,1272,28.99,2010-03-31,VTSMX,0.09437523593808986
1273,1273,29.620001,2010-04-30,VTSMX,0.08181161730502608
1274,1274,27.25,2010-05-28,VTSMX,-0.06002069679199719
1275,1275,25.59,2010-06-30,VTSMX,-0.13605674760105507
1276,1276,27.379999,2010-07-30,VTSMX,0.004770605504587212
1277,1277,26.08,2010-08-31,VTSMX,0.019148104728409474
1278,1278,28.41,2010-09-30,VTSMX,0.0376187376778209
1279,1279,29.530001,2010-10-29,VTSMX,0.13228531441717795
1280,1280,29.700001,2010-11-30,VTSMX,0.045406582189369944
1281,1281,31.559999,2010-12-31,VTSMX,0.06874358046923204
1282,1282,32.25,2011-01-31,VTSMX,0.08585854929769193
1283,1283,33.41,2011-02-28,VTSMX,0.05861853797904098
1284,1284,33.43,2011-03-31,VTSMX,0.036589147286821694
1285,1285,34.43,2011-04-29,VTSMX,0.030529781502544245
1286,1286,34.029999,2011-05-31,VTSMX,0.01794792102901576
1287,1287,33.290001000000004,2011-06-30,VTSMX,-0.03311063026430427
1288,1288,32.540001000000004,2011-07-29,VTSMX,-0.04378483819526392
1289,1289,30.58,2011-08-31,VTSMX,-0.0814058551695449
1290,1290,28.07,2011-09-30,VTSMX,-0.13736941802798355
1291,1291,31.299999,2011-10-31,VTSMX,0.023544767822106
1292,1292,31.209999,2011-11-30,VTSMX,0.11186316351977198
1293,1293,31.290001,2011-12-30,VTSMX,-0.0003194249303330491
1294,1294,32.880001,2012-01-31,VTSMX,0.05350855666480477
1295,1295,34.279999,2012-02-29,VTSMX,0.09555761918959339
1296,1296,35.189999,2012-03-30,VTSMX,0.07025541148858239
1297,1297,34.959999,2012-04-30,VTSMX,0.019836640018571963
1298,1298,32.779999,2012-05-31,VTSMX,-0.06848536710671699
1299,1299,33.900002,2012-06-29,VTSMX,-0.03032028118765114
1300,1300,34.25,2012-07-31,VTSMX,0.04484444920208825
1301,1301,35.099998,2012-08-31,VTSMX,0.035398110006011174
1302,1302,35.84,2012-09-28,VTSMX,0.04642335766423367
1303,1303,35.209999,2012-10-31,VTSMX,0.003133931802503351
1304,1304,35.470001,2012-11-30,VTSMX,-0.010323632812499999
1305,1305,35.639999,2012-12-31,VTSMX,0.012212439994673094
1306,1306,37.599998,2013-01-31,VTSMX,0.06005066083871821
1307,1307,38.080002,2013-02-28,VTSMX,0.06846248789176444
1308,1308,39.389999,2013-03-28,VTSMX,0.04760641210672415
1309,1309,40.060001,2013-04-30,VTSMX,0.05199576932795327
1310,1310,40.990002,2013-05-31,VTSMX,0.040619523752716866
1311,1311,40.290001,2013-06-28,VTSMX,0.005741387774803023
1312,1312,42.5,2013-07-31,VTSMX,0.03683820264268353
1313,1313,41.299999,2013-08-30,VTSMX,0.025068204887857985
1314,1314,42.619999,2013-09-30,VTSMX,0.0028235058823529403
1315,1315,44.419998,2013-10-31,VTSMX,0.07554477180495815
1316,1316,45.700001,2013-11-29,VTSMX,0.07226659015172666
1317,1317,46.669998,2013-12-31,VTSMX,0.050652861353122976
1318,1318,45.220001,2014-01-31,VTSMX,-0.010503282045879974
1319,1319,47.360001,2014-02-28,VTSMX,0.01478472315340569
1320,1320,47.41,2014-03-31,VTSMX,0.04842987509000703
1321,1321,47.439999,2014-04-30,VTSMX,0.0016891469237934212
1322,1322,48.470001,2014-05-30,VTSMX,0.022358173381143365
1323,1323,49.509998,2014-06-30,VTSMX,0.04363404392145967
1324,1324,48.529999,2014-07-31,VTSMX,0.0012378378122994698
1325,1325,50.560001,2014-08-29,VTSMX,0.0212078982511774
1326,1326,49.27,2014-09-30,VTSMX,0.015248320940620803
1327,1327,50.619999,2014-10-31,VTSMX,0.0011866692803269567
1328,1328,51.84,2014-11-28,VTSMX,0.05216155875786483
1329,1329,51.580002,2014-12-31,VTSMX,0.0189648956729533
1330,1330,50.150002,2015-01-30,VTSMX,-0.03260027006172845
1331,1331,53.040001,2015-02-27,VTSMX,0.02830552429990205
1332,1332,52.259998,2015-03-31,VTSMX,0.04207369722537603
1333,1333,52.48,2015-04-30,VTSMX,-0.010558088036235138
1334,1334,53.209999,2015-05-29,VTSMX,0.018178358904644434
1335,1335,52.09,2015-06-30,VTSMX,-0.007431402439024266
1336,1336,52.939999,2015-07-31,VTSMX,-0.005074234261872531
1337,1337,49.759998,2015-08-31,VTSMX,-0.04473031291994625
1338,1338,48.060001,2015-09-30,VTSMX,-0.09217979018095562
1339,1339,51.830002,2015-10-30,VTSMX,0.04159976051445977
1340,1340,52.110001,2015-11-30,VTSMX,0.0842696611679221
1341,1341,50.779999,2015-12-31,VTSMX,-0.020258594626332522
1342,1342,47.900002,2016-01-29,VTSMX,-0.08079061445421958
1343,1343,47.880001,2016-02-29,VTSMX,-0.057109059809158265
1344,1344,51.009998,2016-03-31,VTSMX,0.064926844888232
1345,1345,51.330002,2016-04-29,VTSMX,0.07205515722524734
1346,1346,52.25,2016-05-31,VTSMX,0.02430899918874721
1347,1347,52.150002,2016-06-30,VTSMX,0.015975062693354275
1348,1348,54.209999,2016-07-29,VTSMX,0.037511942583732125
1349,1349,54.349998,2016-08-31,VTSMX,0.04218592359785525
1350,1350,54.18,2016-09-30,VTSMX,-0.0005533849945284755
1351,1351,52.98,2016-10-31,VTSMX,-0.025206955849382047
1352,1352,55.330002,2016-11-30,VTSMX,0.021225581395348848
1353,1353,56.060001,2016-12-30,VTSMX,0.05813516421291059
1354,1354,57.130001,2017-01-31,VTSMX,0.03253206099649155
1355,1355,59.25,2017-02-28,VTSMX,0.05690329902063327
1356,1356,59.040001,2017-03-31,VTSMX,0.03343252173232058
1357,1357,59.66,2017-04-28,VTSMX,0.006919831223628634
1358,1358,60.259998,2017-05-31,VTSMX,0.020663905476559975
1359,1359,60.549999,2017-06-30,VTSMX,0.014917851156553858
1360,1360,61.68,2017-07-31,VTSMX,0.023564587572671287
1361,1361,61.77,2017-08-31,VTSMX,0.02014865433771524
1362,1362,63.029999,2017-09-29,VTSMX,0.021887143320363112
1363,1363,64.389999,2017-10-31,VTSMX,0.04241539582321515
1364,1364,66.349998,2017-11-30,VTSMX,0.05267331513046673
1365,1365,66.699997,2017-12-29,VTSMX,0.0358751053870958
1366,1366,70.239998,2018-01-31,VTSMX,0.058628487072448755
1367,1367,67.629997,2018-02-28,VTSMX,0.013943029112879974
1368,1368,66.029999,2018-03-29,VTSMX,-0.05993734510072162
1369,1369,66.279999,2018-04-30,VTSMX,-0.019961526835495784
1370,1370,10.06,1995-07-31,VUSTX,0.0
1371,1371,10.21,1995-08-31,VUSTX,0.0
1372,1372,10.34,1995-09-29,VUSTX,0.027833001988071506
1373,1373,10.59,1995-10-31,VUSTX,0.03721841332027414
1374,1374,10.78,1995-11-30,VUSTX,0.04255319148936165
1375,1375,10.79,1995-12-29,VUSTX,0.018885741265344598
1376,1376,10.73,1996-01-31,VUSTX,-0.004638218923933111
1377,1377,10.15,1996-02-29,VUSTX,-0.0593141797961074
1378,1378,9.88,1996-03-29,VUSTX,-0.07921714818266538
1379,1379,9.65,1996-04-30,VUSTX,-0.04926108374384236
1380,1380,9.55,1996-05-31,VUSTX,-0.03340080971659919
1381,1381,9.7,1996-06-28,VUSTX,0.0051813471502589565
1382,1382,9.64,1996-07-31,VUSTX,0.009424083769633492
1383,1383,9.46,1996-08-30,VUSTX,-0.024742268041236953
1384,1384,9.67,1996-09-30,VUSTX,0.0031120331950206803
1385,1385,9.99,1996-10-31,VUSTX,0.05602536997885828
1386,1386,10.26,1996-11-29,VUSTX,0.06101344364012408
1387,1387,9.96,1996-12-31,VUSTX,-0.003003003003002939
1388,1388,9.84,1997-01-31,VUSTX,-0.040935672514619874
1389,1389,9.78,1997-02-28,VUSTX,-0.018072289156626654
1390,1390,9.5,1997-03-31,VUSTX,-0.03455284552845527
1391,1391,9.67,1997-04-30,VUSTX,-0.01124744376278113
1392,1392,9.71,1997-05-30,VUSTX,0.022105263157894826
1393,1393,9.83,1997-06-30,VUSTX,0.016546018614270956
1394,1394,10.3,1997-07-31,VUSTX,0.06076210092687948
1395,1395,9.98,1997-08-29,VUSTX,0.015259409969481216
1396,1396,10.19,1997-09-30,VUSTX,-0.010679611650485553
1397,1397,10.44,1997-10-31,VUSTX,0.04609218436873738
1398,1398,10.52,1997-11-28,VUSTX,0.03238469087340531
1399,1399,10.64,1997-12-31,VUSTX,0.019157088122605467
1400,1400,10.79,1998-01-30,VUSTX,0.025665399239543685
1401,1401,10.66,1998-02-27,VUSTX,0.0018796992481202605
1402,1402,10.62,1998-03-31,VUSTX,-0.015755329008341052
1403,1403,10.61,1998-04-30,VUSTX,-0.004690431519699879
1404,1404,10.75,1998-05-29,VUSTX,0.012241054613936044
1405,1405,10.95,1998-06-30,VUSTX,0.03204524033930253
1406,1406,10.84,1998-07-31,VUSTX,0.0083720930232558
1407,1407,11.31,1998-08-31,VUSTX,0.03287671232876724
1408,1408,11.63,1998-09-30,VUSTX,0.0728782287822879
1409,1409,11.38,1998-10-30,VUSTX,0.006189213085764835
1410,1410,11.43,1998-11-30,VUSTX,-0.017196904557179798
1411,1411,11.36,1998-12-31,VUSTX,-0.0017574692442883435
1412,1412,11.42,1999-01-29,VUSTX,-0.0008748906386701476
1413,1413,10.83,1999-02-26,VUSTX,-0.046654929577464734
1414,1414,10.62,1999-03-31,VUSTX,-0.07005253940455347
1415,1415,10.59,1999-04-30,VUSTX,-0.02216066481994462
1416,1416,10.36,1999-05-28,VUSTX,-0.02448210922787192
1417,1417,10.2,1999-06-30,VUSTX,-0.03682719546742215
1418,1418,10.09,1999-07-30,VUSTX,-0.026061776061776024
1419,1419,9.99,1999-08-31,VUSTX,-0.020588235294117557
1420,1420,10.03,1999-09-30,VUSTX,-0.0059464816650149155
1421,1421,9.99,1999-10-29,VUSTX,0.0
1422,1422,9.88,1999-11-30,VUSTX,-0.014955134596211225
1423,1423,9.67,1999-12-31,VUSTX,-0.03203203203203206
1424,1424,9.74,2000-01-31,VUSTX,-0.014170040485830015
1425,1425,9.98,2000-02-29,VUSTX,0.03205791106515
1426,1426,10.24,2000-03-31,VUSTX,0.0513347022587269
1427,1427,10.12,2000-04-28,VUSTX,0.014028056112224328
1428,1428,10.02,2000-05-31,VUSTX,-0.021484375000000062
1429,1429,10.2,2000-06-30,VUSTX,0.007905138339920957
1430,1430,10.3,2000-07-31,VUSTX,0.02794411177644722
1431,1431,10.46,2000-08-31,VUSTX,0.02549019607843153
1432,1432,10.32,2000-09-29,VUSTX,0.0019417475728154925
1433,1433,10.43,2000-10-31,VUSTX,-0.002868068833652116
1434,1434,10.69,2000-11-30,VUSTX,0.0358527131782945
1435,1435,10.9,2000-12-29,VUSTX,0.04506232023010553
1436,1436,10.88,2001-01-31,VUSTX,0.017773620205799933
1437,1437,11.03,2001-02-28,VUSTX,0.011926605504587065
1438,1438,10.91,2001-03-30,VUSTX,0.002757352941176412
1439,1439,10.58,2001-04-30,VUSTX,-0.040797824116047085
1440,1440,10.55,2001-05-31,VUSTX,-0.03299725022914752
1441,1441,10.58,2001-06-29,VUSTX,0.0
1442,1442,10.91,2001-07-31,VUSTX,0.03412322274881511
1443,1443,11.08,2001-08-31,VUSTX,0.04725897920604915
1444,1444,11.13,2001-09-28,VUSTX,0.020164986251145798
1445,1445,11.65,2001-10-31,VUSTX,0.05144404332129966
1446,1446,11.01,2001-11-30,VUSTX,-0.010781671159029739
1447,1447,10.76,2001-12-31,VUSTX,-0.07639484978540777
1448,1448,10.84,2002-01-31,VUSTX,-0.015440508628519522
1449,1449,10.93,2002-02-28,VUSTX,0.015799256505576204
1450,1450,10.45,2002-03-28,VUSTX,-0.03597785977859784
1451,1451,10.79,2002-04-30,VUSTX,-0.01280878316559932
1452,1452,10.78,2002-05-31,VUSTX,0.03157894736842106
1453,1453,10.92,2002-06-28,VUSTX,0.01204819277108441
1454,1454,11.19,2002-07-31,VUSTX,0.03803339517625234
1455,1455,11.62,2002-08-30,VUSTX,0.06410256410256404
1456,1456,12.04,2002-09-30,VUSTX,0.07596067917783733
1457,1457,11.65,2002-10-31,VUSTX,0.0025817555938038848
1458,1458,11.44,2002-11-29,VUSTX,-0.04983388704318934
1459,1459,11.76,2002-12-31,VUSTX,0.00944206008583686
1460,1460,11.66,2003-01-31,VUSTX,0.019230769230769287
1461,1461,11.97,2003-02-28,VUSTX,0.01785714285714293
1462,1462,11.72,2003-03-31,VUSTX,0.00514579759862783
1463,1463,11.78,2003-04-30,VUSTX,-0.01587301587301598
1464,1464,12.4,2003-05-30,VUSTX,0.058020477815699634
1465,1465,12.17,2003-06-30,VUSTX,0.033106960950764056
1466,1466,11.08,2003-07-31,VUSTX,-0.10645161290322583
1467,1467,11.19,2003-08-29,VUSTX,-0.08052588331963849
1468,1468,11.71,2003-09-30,VUSTX,0.05685920577617336
1469,1469,11.36,2003-10-31,VUSTX,0.015192135835567465
1470,1470,11.35,2003-11-28,VUSTX,-0.030742954739538957
1471,1471,11.37,2003-12-31,VUSTX,0.0008802816901408263
1472,1472,11.52,2004-01-30,VUSTX,0.014977973568281932
1473,1473,11.7,2004-02-27,VUSTX,0.029023746701846972
1474,1474,11.82,2004-03-31,VUSTX,0.02604166666666673
1475,1475,11.12,2004-04-30,VUSTX,-0.049572649572649584
1476,1476,11.01,2004-05-28,VUSTX,-0.06852791878172593
1477,1477,11.06,2004-06-30,VUSTX,-0.005395683453237296
1478,1478,11.18,2004-07-30,VUSTX,0.015440508628519522
1479,1479,11.51,2004-08-31,VUSTX,0.04068716094032543
1480,1480,11.57,2004-09-30,VUSTX,0.03488372093023261
1481,1481,11.69,2004-10-29,VUSTX,0.01563857515204168
1482,1482,11.38,2004-11-30,VUSTX,-0.016421780466724243
1483,1483,11.51,2004-12-31,VUSTX,-0.01539777587681777
1484,1484,11.76,2005-01-31,VUSTX,0.033391915641476186
1485,1485,11.57,2005-02-28,VUSTX,0.005212858384013945
1486,1486,11.39,2005-03-31,VUSTX,-0.031462585034013536
1487,1487,11.71,2005-04-29,VUSTX,0.012100259291270576
1488,1488,11.96,2005-05-31,VUSTX,0.05004389815627746
1489,1489,12.11,2005-06-30,VUSTX,0.03415883859948749
1490,1490,11.75,2005-07-29,VUSTX,-0.017558528428093717
1491,1491,12.04,2005-08-31,VUSTX,-0.0057803468208092726
1492,1492,11.66,2005-09-30,VUSTX,-0.007659574468085095
1493,1493,11.41,2005-10-31,VUSTX,-0.05232558139534876
1494,1494,11.43,2005-11-30,VUSTX,-0.019725557461406553
1495,1495,11.55,2005-12-30,VUSTX,0.012269938650306797
1496,1496,11.4,2006-01-31,VUSTX,-0.0026246719160104427
1497,1497,11.45,2006-02-28,VUSTX,-0.008658008658008781
1498,1498,10.96,2006-03-31,VUSTX,-0.03859649122807013
1499,1499,10.7,2006-04-28,VUSTX,-0.06550218340611354
1500,1500,10.65,2006-05-31,VUSTX,-0.028284671532846757
1501,1501,10.68,2006-06-30,VUSTX,-0.001869158878504633
1502,1502,10.83,2006-07-31,VUSTX,0.0169014084507042
1503,1503,11.08,2006-08-31,VUSTX,0.03745318352059929
1504,1504,11.21,2006-09-29,VUSTX,0.03508771929824569
1505,1505,11.25,2006-10-31,VUSTX,0.015342960288808659
1506,1506,11.42,2006-11-30,VUSTX,0.018733273862622576
1507,1507,11.13,2006-12-29,VUSTX,-0.010666666666666597
1508,1508,10.99,2007-01-31,VUSTX,-0.03765323992994744
1509,1509,11.27,2007-02-28,VUSTX,0.01257861635220115
1510,1510,11.05,2007-03-30,VUSTX,0.0054595086442220655
1511,1511,11.1,2007-04-30,VUSTX,-0.015084294587400172
1512,1512,10.84,2007-05-31,VUSTX,-0.019004524886877903
1513,1513,10.7,2007-06-29,VUSTX,-0.03603603603603607
1514,1514,10.91,2007-07-31,VUSTX,0.006457564575645783
1515,1515,11.08,2007-08-31,VUSTX,0.03551401869158886
1516,1516,11.06,2007-09-28,VUSTX,0.013748854262144854
1517,1517,11.17,2007-10-31,VUSTX,0.008122743682310456
1518,1518,11.63,2007-11-30,VUSTX,0.05153707052441232
1519,1519,11.5,2007-12-31,VUSTX,0.029543419874664287
1520,1520,11.76,2008-01-31,VUSTX,0.011177987962166723
1521,1521,11.76,2008-02-29,VUSTX,0.022608695652173893
1522,1522,11.82,2008-03-31,VUSTX,0.005102040816326573
1523,1523,11.56,2008-04-30,VUSTX,-0.017006802721088374
1524,1524,11.27,2008-05-30,VUSTX,-0.0465313028764806
1525,1525,11.43,2008-06-30,VUSTX,-0.011245674740484496
1526,1526,11.42,2008-07-31,VUSTX,0.013309671694764895
1527,1527,11.58,2008-08-29,VUSTX,0.013123359580052524
1528,1528,11.57,2008-09-30,VUSTX,0.013134851138353797
1529,1529,11.11,2008-10-31,VUSTX,-0.04058721934369608
1530,1530,12.41,2008-11-28,VUSTX,0.07260155574762316
1531,1531,13.38,2008-12-31,VUSTX,0.20432043204320446
1532,1532,12.21,2009-01-30,VUSTX,-0.016116035455277945
1533,1533,12.05,2009-02-27,VUSTX,-0.09940209267563528
1534,1534,12.25,2009-03-31,VUSTX,0.003276003276003206
1535,1535,11.6,2009-04-30,VUSTX,-0.03734439834024905
1536,1536,11.25,2009-05-29,VUSTX,-0.08163265306122448
1537,1537,11.29,2009-06-30,VUSTX,-0.026724137931034526
1538,1538,11.34,2009-07-31,VUSTX,0.007999999999999988
1539,1539,11.49,2009-08-31,VUSTX,0.017714791851195844
1540,1540,11.68,2009-09-30,VUSTX,0.029982363315696637
1541,1541,11.47,2009-10-30,VUSTX,-0.0017406440382941317
1542,1542,11.65,2009-11-30,VUSTX,-0.0025684931506848767
1543,1543,10.9,2009-12-31,VUSTX,-0.04969485614646907
1544,1544,11.15,2010-01-29,VUSTX,-0.04291845493562232
1545,1545,11.09,2010-02-26,VUSTX,0.01743119266055041
1546,1546,10.86,2010-03-31,VUSTX,-0.026008968609865554
1547,1547,11.12,2010-04-30,VUSTX,0.002705139765554496
1548,1548,11.55,2010-05-28,VUSTX,0.06353591160221006
1549,1549,12.05,2010-06-30,VUSTX,0.08363309352518
1550,1550,11.99,2010-07-30,VUSTX,0.03809523809523805
1551,1551,12.8,2010-08-31,VUSTX,0.06224066390041493
1552,1552,12.53,2010-09-30,VUSTX,0.04503753127606332
1553,1553,12.08,2010-10-29,VUSTX,-0.05625000000000005
1554,1554,11.85,2010-11-30,VUSTX,-0.05426975259377492
1555,1555,11.07,2010-12-31,VUSTX,-0.08360927152317879
1556,1556,10.77,2011-01-31,VUSTX,-0.09113924050632913
1557,1557,10.87,2011-02-28,VUSTX,-0.018066847335140114
1558,1558,10.84,2011-03-31,VUSTX,0.006499535747446637
1559,1559,11.03,2011-04-29,VUSTX,0.014719411223551072
1560,1560,11.36,2011-05-31,VUSTX,0.04797047970479701
1561,1561,11.1,2011-06-30,VUSTX,0.006346328195829582
1562,1562,11.53,2011-07-29,VUSTX,0.01496478873239436
1563,1563,12.5,2011-08-31,VUSTX,0.12612612612612617
1564,1564,13.74,2011-09-30,VUSTX,0.19167389418907207
1565,1565,13.25,2011-10-31,VUSTX,0.06
1566,1566,13.46,2011-11-30,VUSTX,-0.02037845705967972
1567,1567,13.34,2011-12-30,VUSTX,0.006792452830188669
1568,1568,13.32,2012-01-31,VUSTX,-0.010401188707280873
1569,1569,13.01,2012-02-29,VUSTX,-0.0247376311844078
1570,1570,12.33,2012-03-30,VUSTX,-0.07432432432432434
1571,1571,12.84,2012-04-30,VUSTX,-0.013066871637202148
1572,1572,13.81,2012-05-31,VUSTX,0.12003244120032444
1573,1573,13.58,2012-06-29,VUSTX,0.0576323987538941
1574,1574,14.0,2012-07-31,VUSTX,0.01375814627081821
1575,1575,13.81,2012-08-31,VUSTX,0.016936671575846864
1576,1576,13.5,2012-09-28,VUSTX,-0.03571428571428571
1577,1577,13.41,2012-10-31,VUSTX,-0.028964518464880545
1578,1578,13.56,2012-11-30,VUSTX,0.004444444444444481
1579,1579,13.07,2012-12-31,VUSTX,-0.02535421327367635
1580,1580,12.61,2013-01-31,VUSTX,-0.07005899705014756
1581,1581,12.74,2013-02-28,VUSTX,-0.025248661055853102
1582,1582,12.68,2013-03-28,VUSTX,0.005551149881046811
1583,1583,13.14,2013-04-30,VUSTX,0.03139717425431714
1584,1584,12.29,2013-05-31,VUSTX,-0.030757097791798152
1585,1585,11.86,2013-06-28,VUSTX,-0.09741248097412489
1586,1586,11.6,2013-07-31,VUSTX,-0.05614320585842145
1587,1587,11.42,2013-08-30,VUSTX,-0.03709949409780772
1588,1588,11.49,2013-09-30,VUSTX,-0.009482758620689606
1589,1589,11.61,2013-10-31,VUSTX,0.01663747810858139
1590,1590,11.29,2013-11-29,VUSTX,-0.01740644038294178
1591,1591,10.9,2013-12-31,VUSTX,-0.06115417743324712
1592,1592,11.55,2014-01-31,VUSTX,0.023029229406554615
1593,1593,11.59,2014-02-28,VUSTX,0.06330275229357793
1594,1594,11.62,2014-03-31,VUSTX,0.006060606060605931
1595,1595,11.81,2014-04-30,VUSTX,0.018981880931837846
1596,1596,12.11,2014-05-30,VUSTX,0.0421686746987952
1597,1597,12.05,2014-06-30,VUSTX,0.02032176121930569
1598,1598,12.09,2014-07-31,VUSTX,-0.0016515276630883215
1599,1599,12.57,2014-08-29,VUSTX,0.04315352697095432
1600,1600,12.29,2014-09-30,VUSTX,0.01654259718775842
1601,1601,12.58,2014-10-31,VUSTX,0.0007955449482895614
1602,1602,12.91,2014-11-28,VUSTX,0.05044751830756721
1603,1603,13.05,2014-12-31,VUSTX,0.037360890302066824
1604,1604,14.19,2015-01-30,VUSTX,0.09914794732765293
1605,1605,13.36,2015-02-27,VUSTX,0.023754789272030553
1606,1606,13.38,2015-03-31,VUSTX,-0.05708245243128955
1607,1607,12.94,2015-04-30,VUSTX,-0.03143712574850299
1608,1608,12.63,2015-05-29,VUSTX,-0.05605381165919282
1609,1609,12.13,2015-06-30,VUSTX,-0.0625965996908809
1610,1610,12.61,2015-07-31,VUSTX,-0.001583531274742783
1611,1611,12.49,2015-08-31,VUSTX,0.029678483099752632
1612,1612,12.7,2015-09-30,VUSTX,0.007137192704203003
1613,1613,12.61,2015-10-30,VUSTX,0.009607686148919072
1614,1614,12.48,2015-11-30,VUSTX,-0.017322834645669204
1615,1615,12.19,2015-12-31,VUSTX,-0.03330689928628072
1616,1616,12.8,2016-01-29,VUSTX,0.025641025641025664
1617,1617,13.14,2016-02-29,VUSTX,0.07793273174733398
1618,1618,13.11,2016-03-31,VUSTX,0.0242187499999999
1619,1619,13.0,2016-04-29,VUSTX,-0.010654490106544944
1620,1620,13.07,2016-05-31,VUSTX,-0.0030511060259343363
1621,1621,13.89,2016-06-30,VUSTX,0.0684615384615385
1622,1622,14.14,2016-07-29,VUSTX,0.08186687069625098
1623,1623,13.97,2016-08-31,VUSTX,0.005759539236861056
1624,1624,13.76,2016-09-30,VUSTX,-0.026874115983026928
1625,1625,13.15,2016-10-31,VUSTX,-0.05869720830350753
1626,1626,12.09,2016-11-30,VUSTX,-0.12136627906976744
1627,1627,11.74,2016-12-30,VUSTX,-0.10722433460076046
1628,1628,11.79,2017-01-31,VUSTX,-0.024813895781637778
1629,1629,11.95,2017-02-28,VUSTX,0.01788756388415665
1630,1630,11.85,2017-03-31,VUSTX,0.005089058524173071
1631,1631,12.01,2017-04-28,VUSTX,0.005020920502092092
1632,1632,12.19,2017-05-31,VUSTX,0.028691983122362857
1633,1633,12.24,2017-06-30,VUSTX,0.01915070774354708
1634,1634,12.14,2017-07-31,VUSTX,-0.004101722723543801
1635,1635,12.51,2017-08-31,VUSTX,0.022058823529411728
1636,1636,12.2,2017-09-29,VUSTX,0.004942339373970241
1637,1637,12.17,2017-10-31,VUSTX,-0.02717825739408472
1638,1638,12.22,2017-11-30,VUSTX,0.0016393442622951928
1639,1639,12.41,2017-12-29,VUSTX,0.019720624486442087
1640,1640,11.96,2018-01-31,VUSTX,-0.021276595744680833
1641,1641,11.59,2018-02-28,VUSTX,-0.06607574536663983
1642,1642,11.88,2018-03-29,VUSTX,-0.006688963210702346
1643,1643,11.61,2018-04-30,VUSTX,0.0017256255392579442
